OrderID,WarehouseID,ProductID,ProductType,Category,Quantity,FinalPrice,ItemStatus,OrderStatus
26,1,3,Taxable,Beauty,2,918.85,SUCCESS,SUCCESS
21,1,6,Taxable,Office,5,2643.85,SUCCESS,SUCCESS
21,1,23,Discounted,Garden,5,237.015,SUCCESS,SUCCESS
21,1,27,Taxable,Automotive,4,148.35,SUCCESS,SUCCESS
21,1,33,Discounted,Office,3,94.162,SUCCESS,SUCCESS
31,1,38,Discounted,Garden,4,412.965,SUCCESS,SUCCESS
28,1,20,Discounted,Toys,1,272.722,SUCCESS,SUCCESS
28,1,22,Discounted,Beauty,1,191.268,SUCCESS,SUCCESS
29,1,8,Taxable,Home,2,2873.85,SUCCESS,SUCCESS
32,1,12,Taxable,Electronics,3,1608.85,SUCCESS,SUCCESS
32,1,27,Taxable,Automotive,5,148.35,SUCCESS,SUCCESS
32,1,28,Taxable,Beauty,1,125.35,SUCCESS,SUCCESS
32,1,40,Taxable,Office,1,378.35,SUCCESS,SUCCESS
25,1,3,Taxable,Beauty,1,918.85,SUCCESS,SUCCESS
11,1,37,Discounted,Office,4,253.172,SUCCESS,SUCCESS
25,1,9,Taxable,Office,2,228.85,SUCCESS,SUCCESS
24,1,21,Discounted,Books,2,412.965,SUCCESS,SUCCESS
4,1,31,Taxable,Sports,3,90.85,SUCCESS,SUCCESS
6,1,26,Discounted,Sports,4,205.965,SUCCESS,SUCCESS
7,1,3,Taxable,Beauty,1,918.85,SUCCESS,SUCCESS
12,1,27,Taxable,Automotive,4,148.35,SUCCESS,SUCCESS
12,1,33,Discounted,Office,5,94.162,SUCCESS,SUCCESS
1,1,33,Discounted,Office,2,94.162,SUCCESS,SUCCESS
15,1,1,Taxable,Clothing,3,688.85,SUCCESS,SUCCESS
15,1,32,Discounted,Garden,3,64.4575,SUCCESS,SUCCESS
15,1,36,Discounted,Garden,5,79.948,SUCCESS,SUCCESS
7,1,8,Taxable,Home,3,2873.85,SUCCESS,SUCCESS
7,1,30,Taxable,Garden,2,205.85,SUCCESS,SUCCESS
10,1,2,Taxable,Electronics,5,1723.85,SUCCESS,SUCCESS
10,1,10,Taxable,Beauty,2,573.85,SUCCESS,SUCCESS
10,1,11,Taxable,Office,2,1033.85,SUCCESS,SUCCESS
10,1,13,Taxable,Books,3,861.35,SUCCESS,SUCCESS
29,1,12,Taxable,Electronics,5,1608.85,SUCCESS,SUCCESS
29,1,20,Discounted,Toys,4,272.722,SUCCESS,SUCCESS
29,1,21,Discounted,Books,1,412.965,SUCCESS,SUCCESS
30,1,7,Taxable,Automotive,1,746.35,SUCCESS,SUCCESS
30,1,9,Taxable,Office,4,228.85,SUCCESS,SUCCESS
30,1,18,Discounted,Garden,1,257.715,SUCCESS,SUCCESS
30,1,23,Discounted,Garden,2,237.015,SUCCESS,SUCCESS
23,1,40,Taxable,Office,3,378.35,SUCCESS,SUCCESS
27,1,28,Taxable,Beauty,4,125.35,SUCCESS,SUCCESS
27,1,32,Discounted,Garden,2,64.4575,SUCCESS,SUCCESS
27,1,37,Discounted,Office,4,253.172,SUCCESS,SUCCESS
17,1,36,Discounted,Garden,5,79.948,SUCCESS,SUCCESS
20,1,35,Standard,Perishables,2,69,SUCCESS,SUCCESS
20,1,37,Discounted,Office,3,253.172,SUCCESS,SUCCESS
13,1,24,Discounted,Garden,1,341.147,SUCCESS,SUCCESS
13,1,33,Discounted,Office,2,94.162,SUCCESS,SUCCESS
9,1,7,Taxable,Automotive,4,746.35,SUCCESS,SUCCESS
9,1,29,Taxable,Automotive,2,113.85,SUCCESS,SUCCESS
9,1,32,Discounted,Garden,4,64.4575,SUCCESS,SUCCESS
3,1,28,Taxable,Beauty,1,125.35,SUCCESS,SUCCESS
22,1,33,Discounted,Office,2,94.162,SUCCESS,SUCCESS
14,1,28,Taxable,Beauty,4,125.35,SUCCESS,SUCCESS
2,1,2,Taxable,Electronics,5,1723.85,SUCCESS,SUCCESS
2,1,9,Taxable,Office,2,228.85,SUCCESS,SUCCESS
2,1,20,Discounted,Toys,1,272.722,SUCCESS,SUCCESS
2,1,25,Discounted,Electronics,5,643.08,SUCCESS,SUCCESS
8,1,12,Taxable,Electronics,3,1608.85,SUCCESS,SUCCESS
18,1,17,Discounted,Toys,2,555.588,SUCCESS,SUCCESS
16,1,11,Taxable,Office,5,1033.85,SUCCESS,SUCCESS
16,1,37,Discounted,Office,2,253.172,SUCCESS,SUCCESS
16,1,39,Discounted,Home,5,305.762,SUCCESS,SUCCESS
5,1,4,Taxable,Sports,5,1148.85,SUCCESS,SUCCESS
5,1,36,Discounted,Garden,3,79.948,SUCCESS,SUCCESS
19,1,38,Discounted,Garden,5,412.965,SUCCESS,SUCCESS
25,1,10,Taxable,Beauty,1,573.85,SUCCESS,SUCCESS
49,1,7,Taxable,Automotive,1,746.35,SUCCESS,SUCCESS
51,1,5,Taxable,Home,3,1378.85,SUCCESS,SUCCESS
49,1,17,Discounted,Toys,2,555.588,SUCCESS,SUCCESS
51,1,8,Taxable,Home,1,2873.85,SUCCESS,SUCCESS
46,1,34,Discounted,Beauty,4,49.1625,SUCCESS,SUCCESS
47,1,38,Discounted,Garden,2,412.965,SUCCESS,SUCCESS
38,1,1,Taxable,Clothing,5,688.85,SUCCESS,SUCCESS
38,1,5,Taxable,Home,3,1378.85,SUCCESS,SUCCESS
38,1,27,Taxable,Automotive,5,148.35,SUCCESS,SUCCESS
38,1,29,Taxable,Automotive,2,113.85,SUCCESS,SUCCESS
35,1,10,Taxable,Beauty,5,573.85,SUCCESS,SUCCESS
43,1,7,Taxable,Automotive,4,746.35,SUCCESS,SUCCESS
45,1,6,Taxable,Office,3,2643.85,SUCCESS,SUCCESS
40,1,5,Taxable,Home,3,1378.85,SUCCESS,SUCCESS
40,1,11,Taxable,Office,3,1033.85,SUCCESS,SUCCESS
40,1,27,Taxable,Automotive,2,148.35,SUCCESS,SUCCESS
40,1,29,Taxable,Automotive,5,113.85,SUCCESS,SUCCESS
41,1,4,Taxable,Sports,4,1148.85,SUCCESS,SUCCESS
49,1,31,Taxable,Sports,4,90.85,SUCCESS,SUCCESS
48,1,37,Discounted,Office,1,253.172,SUCCESS,SUCCESS
45,1,13,Taxable,Books,2,861.35,SUCCESS,SUCCESS
51,1,39,Discounted,Home,5,305.762,SUCCESS,SUCCESS
45,1,28,Taxable,Beauty,1,125.35,SUCCESS,SUCCESS
36,1,13,Taxable,Books,2,861.35,SUCCESS,SUCCESS
45,1,37,Discounted,Office,2,253.172,SUCCESS,SUCCESS
39,1,12,Taxable,Electronics,3,1608.85,SUCCESS,SUCCESS
51,1,40,Taxable,Office,1,378.35,SUCCESS,SUCCESS
39,1,21,Discounted,Books,5,412.965,SUCCESS,SUCCESS
39,1,27,Taxable,Automotive,5,148.35,SUCCESS,SUCCESS
36,1,27,Taxable,Automotive,3,148.35,SUCCESS,SUCCESS
34,1,3,Taxable,Beauty,4,918.85,SUCCESS,SUCCESS
34,1,36,Discounted,Garden,1,79.948,SUCCESS,SUCCESS
52,1,20,Discounted,Toys,5,272.722,SUCCESS,SUCCESS
50,1,9,Taxable,Office,3,228.85,SUCCESS,SUCCESS
50,1,18,Discounted,Garden,3,257.715,SUCCESS,SUCCESS
50,1,30,Taxable,Garden,1,205.85,SUCCESS,SUCCESS
42,1,1,Taxable,Clothing,2,688.85,SUCCESS,SUCCESS
33,1,7,Taxable,Automotive,5,746.35,SUCCESS,SUCCESS
44,1,27,Taxable,Automotive,1,148.35,SUCCESS,SUCCESS
37,1,10,Taxable,Beauty,4,573.85,SUCCESS,SUCCESS
68,1,33,Discounted,Office,5,94.162,SUCCESS,SUCCESS
71,1,6,Taxable,Office,2,2643.85,SUCCESS,SUCCESS
62,1,35,Standard,Perishables,2,69,SUCCESS,SUCCESS
57,1,13,Taxable,Books,2,861.35,SUCCESS,SUCCESS
55,1,25,Discounted,Electronics,4,643.08,SUCCESS,SUCCESS
54,1,29,Taxable,Automotive,1,113.85,SUCCESS,SUCCESS
56,1,19,Discounted,Automotive,5,168.222,SUCCESS,SUCCESS
56,1,31,Taxable,Sports,3,90.85,SUCCESS,SUCCESS
56,1,38,Discounted,Garden,4,412.965,SUCCESS,SUCCESS
56,1,39,Discounted,Home,5,305.762,SUCCESS,SUCCESS
66,1,30,Taxable,Garden,5,205.85,SUCCESS,SUCCESS
66,1,34,Discounted,Beauty,5,49.1625,SUCCESS,SUCCESS
67,1,27,Taxable,Automotive,4,148.35,SUCCESS,SUCCESS
69,1,12,Taxable,Electronics,1,1608.85,SUCCESS,SUCCESS
67,1,35,Standard,Perishables,4,69,SUCCESS,SUCCESS
67,1,37,Discounted,Office,3,253.172,SUCCESS,SUCCESS
59,1,31,Taxable,Sports,5,90.85,SUCCESS,SUCCESS
63,1,3,Taxable,Beauty,5,918.85,SUCCESS,SUCCESS
63,1,36,Discounted,Garden,4,79.948,SUCCESS,SUCCESS
78,1,28,Taxable,Beauty,1,125.35,SUCCESS,SUCCESS
64,1,6,Taxable,Office,1,2643.85,SUCCESS,SUCCESS
64,1,31,Taxable,Sports,4,90.85,SUCCESS,SUCCESS
64,1,36,Discounted,Garden,2,79.948,SUCCESS,SUCCESS
64,1,37,Discounted,Office,2,253.172,SUCCESS,SUCCESS
74,1,27,Taxable,Automotive,5,148.35,SUCCESS,SUCCESS
80,1,1,Taxable,Clothing,3,688.85,SUCCESS,SUCCESS
80,1,27,Taxable,Automotive,2,148.35,SUCCESS,SUCCESS
70,1,11,Taxable,Office,3,1033.85,SUCCESS,SUCCESS
79,1,3,Taxable,Beauty,3,918.85,SUCCESS,SUCCESS
79,1,9,Taxable,Office,4,228.85,SUCCESS,SUCCESS
79,1,17,Discounted,Toys,3,555.588,SUCCESS,SUCCESS
80,1,40,Taxable,Office,1,378.35,SUCCESS,SUCCESS
60,1,30,Taxable,Garden,3,205.85,SUCCESS,SUCCESS
75,1,24,Discounted,Garden,3,341.147,SUCCESS,SUCCESS
73,1,17,Discounted,Toys,3,555.588,SUCCESS,SUCCESS
73,1,33,Discounted,Office,3,94.162,SUCCESS,SUCCESS
73,1,36,Discounted,Garden,1,79.948,SUCCESS,SUCCESS
72,1,14,Discounted,Sports,4,464.715,SUCCESS,SUCCESS
72,1,19,Discounted,Automotive,4,168.222,SUCCESS,SUCCESS
77,1,38,Discounted,Garden,5,412.965,SUCCESS,SUCCESS
76,1,18,Discounted,Garden,4,257.715,SUCCESS,SUCCESS
61,1,14,Discounted,Sports,2,464.715,SUCCESS,SUCCESS
58,1,29,Taxable,Automotive,3,113.85,SUCCESS,SUCCESS
53,1,1,Taxable,Clothing,2,688.85,SUCCESS,SUCCESS
53,1,27,Taxable,Automotive,4,148.35,SUCCESS,SUCCESS
53,1,32,Discounted,Garden,1,64.4575,SUCCESS,SUCCESS
53,1,38,Discounted,Garden,3,412.965,SUCCESS,SUCCESS
81,1,33,Discounted,Office,2,94.162,SUCCESS,SUCCESS
65,1,22,Discounted,Beauty,5,191.268,SUCCESS,SUCCESS
94,1,15,Discounted,Office,5,292.272,SUCCESS,SUCCESS
93,1,30,Taxable,Garden,3,205.85,SUCCESS,SUCCESS
95,1,10,Taxable,Beauty,2,573.85,SUCCESS,SUCCESS
90,1,14,Discounted,Sports,3,464.715,SUCCESS,SUCCESS
92,1,12,Taxable,Electronics,4,1608.85,SUCCESS,SUCCESS
95,1,13,Taxable,Books,2,861.35,SUCCESS,SUCCESS
88,1,11,Taxable,Office,2,1033.85,SUCCESS,SUCCESS
84,1,17,Discounted,Toys,5,555.588,SUCCESS,SUCCESS
84,1,28,Taxable,Beauty,2,125.35,SUCCESS,SUCCESS
89,1,12,Taxable,Electronics,4,1608.85,SUCCESS,SUCCESS
83,1,31,Taxable,Sports,3,90.85,SUCCESS,SUCCESS
90,1,23,Discounted,Garden,3,237.015,SUCCESS,SUCCESS
85,1,15,Discounted,Office,1,292.272,SUCCESS,SUCCESS
85,1,20,Discounted,Toys,5,272.722,SUCCESS,SUCCESS
85,1,34,Discounted,Beauty,3,49.1625,SUCCESS,SUCCESS
86,1,36,Discounted,Garden,4,79.948,SUCCESS,SUCCESS
95,1,32,Discounted,Garden,2,64.4575,SUCCESS,SUCCESS
90,1,24,Discounted,Garden,3,341.147,SUCCESS,SUCCESS
95,1,33,Discounted,Office,4,94.162,SUCCESS,SUCCESS
91,1,4,Taxable,Sports,4,1148.85,SUCCESS,SUCCESS
82,1,10,Taxable,Beauty,1,573.85,SUCCESS,SUCCESS
91,1,24,Discounted,Garden,4,341.147,SUCCESS,SUCCESS
91,1,32,Discounted,Garden,4,64.4575,SUCCESS,SUCCESS
91,1,39,Discounted,Home,2,305.762,SUCCESS,SUCCESS
82,1,23,Discounted,Garden,5,237.015,SUCCESS,SUCCESS
87,1,8,Taxable,Home,5,2873.85,SUCCESS,SUCCESS
87,1,26,Discounted,Sports,5,205.965,SUCCESS,SUCCESS
87,1,30,Taxable,Garden,4,205.85,SUCCESS,SUCCESS
84,1,38,Discounted,Garden,1,412.965,SUCCESS,SUCCESS
99,1,23,Discounted,Garden,3,237.015,SUCCESS,SUCCESS
97,1,12,Taxable,Electronics,2,1608.85,SUCCESS,SUCCESS
84,1,39,Discounted,Home,2,305.762,SUCCESS,SUCCESS
101,1,7,Taxable,Automotive,5,746.35,SUCCESS,SUCCESS
96,1,12,Taxable,Electronics,2,1608.85,SUCCESS,SUCCESS
96,1,13,Taxable,Books,1,861.35,SUCCESS,SUCCESS
96,1,16,Discounted,Office,3,154.215,SUCCESS,SUCCESS
96,1,35,Standard,Perishables,5,69,SUCCESS,SUCCESS
100,1,3,Taxable,Beauty,1,918.85,SUCCESS,SUCCESS
100,1,5,Taxable,Home,4,1378.85,SUCCESS,SUCCESS
98,1,5,Taxable,Home,1,1378.85,SUCCESS,SUCCESS
126,1,22,Discounted,Beauty,3,191.268,SUCCESS,SUCCESS
125,1,15,Discounted,Office,5,292.272,SUCCESS,SUCCESS
112,1,40,Taxable,Office,4,378.35,SUCCESS,SUCCESS
111,1,8,Taxable,Home,2,2873.85,SUCCESS,SUCCESS
116,1,22,Discounted,Beauty,1,191.268,SUCCESS,SUCCESS
111,1,25,Discounted,Electronics,5,643.08,SUCCESS,SUCCESS
109,1,38,Discounted,Garden,4,412.965,SUCCESS,SUCCESS
111,1,28,Taxable,Beauty,4,125.35,SUCCESS,SUCCESS
111,1,33,Discounted,Office,3,94.162,SUCCESS,SUCCESS
114,1,11,Taxable,Office,1,1033.85,SUCCESS,SUCCESS
110,1,20,Discounted,Toys,5,272.722,SUCCESS,SUCCESS
104,1,13,Taxable,Books,2,861.35,SUCCESS,SUCCESS
119,1,25,Discounted,Electronics,3,643.08,SUCCESS,SUCCESS
107,1,20,Discounted,Toys,5,272.722,SUCCESS,SUCCESS
103,1,29,Taxable,Automotive,5,113.85,SUCCESS,SUCCESS
124,1,28,Taxable,Beauty,2,125.35,SUCCESS,SUCCESS
115,1,36,Discounted,Garden,1,79.948,SUCCESS,SUCCESS
104,1,29,Taxable,Automotive,3,113.85,SUCCESS,SUCCESS
104,1,33,Discounted,Office,1,94.162,SUCCESS,SUCCESS
104,1,40,Taxable,Office,2,378.35,SUCCESS,SUCCESS
102,1,40,Taxable,Office,1,378.35,SUCCESS,SUCCESS
123,1,15,Discounted,Office,5,292.272,SUCCESS,SUCCESS
122,1,36,Discounted,Garden,3,79.948,SUCCESS,SUCCESS
113,1,12,Taxable,Electronics,1,1608.85,SUCCESS,SUCCESS
118,1,4,Taxable,Sports,1,1148.85,SUCCESS,SUCCESS
113,1,14,Discounted,Sports,4,464.715,SUCCESS,SUCCESS
118,1,27,Taxable,Automotive,4,148.35,SUCCESS,SUCCESS
113,1,31,Taxable,Sports,5,90.85,SUCCESS,SUCCESS
118,1,38,Discounted,Garden,4,412.965,SUCCESS,SUCCESS
108,1,3,Taxable,Beauty,3,918.85,SUCCESS,SUCCESS
118,1,40,Taxable,Office,2,378.35,SUCCESS,SUCCESS
128,1,2,Taxable,Electronics,4,1723.85,SUCCESS,SUCCESS
120,1,40,Taxable,Office,2,378.35,SUCCESS,SUCCESS
117,1,9,Taxable,Office,4,228.85,SUCCESS,SUCCESS
108,1,7,Taxable,Automotive,5,746.35,SUCCESS,SUCCESS
127,1,28,Taxable,Beauty,2,125.35,SUCCESS,SUCCESS
117,1,27,Taxable,Automotive,4,148.35,SUCCESS,SUCCESS
117,1,33,Discounted,Office,3,94.162,SUCCESS,SUCCESS
106,1,3,Taxable,Beauty,3,918.85,SUCCESS,SUCCESS
124,1,36,Discounted,Garden,4,79.948,SUCCESS,SUCCESS
106,1,10,Taxable,Beauty,5,573.85,SUCCESS,SUCCESS
105,1,7,Taxable,Automotive,5,746.35,SUCCESS,SUCCESS
105,1,19,Discounted,Automotive,4,168.222,SUCCESS,SUCCESS
129,1,17,Discounted,Toys,2,555.588,SUCCESS,SUCCESS
110,1,27,Taxable,Automotive,3,148.35,SUCCESS,SUCCESS
110,1,28,Taxable,Beauty,3,125.35,SUCCESS,SUCCESS
110,1,37,Discounted,Office,1,253.172,SUCCESS,SUCCESS
121,1,17,Discounted,Toys,5,555.588,SUCCESS,SUCCESS
148,1,34,Discounted,Beauty,2,49.1625,SUCCESS,SUCCESS
150,1,9,Taxable,Office,2,228.85,SUCCESS,SUCCESS
144,1,11,Taxable,Office,4,1033.85,SUCCESS,SUCCESS
145,1,10,Taxable,Beauty,5,573.85,SUCCESS,SUCCESS
144,1,20,Discounted,Toys,2,272.722,SUCCESS,SUCCESS
147,1,12,Taxable,Electronics,1,1608.85,SUCCESS,SUCCESS
147,1,27,Taxable,Automotive,5,148.35,SUCCESS,SUCCESS
144,1,30,Taxable,Garden,3,205.85,SUCCESS,SUCCESS
143,3,20,Discounted,Toys,4,272.722,SUCCESS,SUCCESS
147,1,31,Taxable,Sports,4,90.85,SUCCESS,SUCCESS
134,1,5,Taxable,Home,1,1378.85,SUCCESS,SUCCESS
134,1,32,Discounted,Garden,1,64.4575,SUCCESS,SUCCESS
134,1,33,Discounted,Office,3,94.162,SUCCESS,SUCCESS
134,1,40,Taxable,Office,2,378.35,SUCCESS,SUCCESS
131,1,22,Discounted,Beauty,4,191.268,SUCCESS,SUCCESS
131,1,26,Discounted,Sports,2,205.965,SUCCESS,SUCCESS
132,1,4,Taxable,Sports,3,1148.85,SUCCESS,SUCCESS
130,1,6,Taxable,Office,5,2643.85,SUCCESS,SUCCESS
138,1,29,Taxable,Automotive,2,113.85,SUCCESS,SUCCESS
139,1,6,Taxable,Office,4,2643.85,SUCCESS,SUCCESS
151,1,29,Taxable,Automotive,1,113.85,SUCCESS,SUCCESS
146,3,32,Discounted,Garden,3,64.4575,SUCCESS,SUCCESS
146,3,39,Discounted,Home,5,305.762,SUCCESS,SUCCESS
142,1,38,Discounted,Garden,5,412.965,SUCCESS,SUCCESS
137,3,1,Taxable,Clothing,2,688.85,SUCCESS,SUCCESS
137,3,8,Taxable,Home,5,2873.85,SUCCESS,SUCCESS
137,3,12,Taxable,Electronics,4,1608.85,SUCCESS,SUCCESS
137,3,29,Taxable,Automotive,2,113.85,SUCCESS,SUCCESS
141,3,6,Taxable,Office,4,2643.85,SUCCESS,SUCCESS
140,1,11,Taxable,Office,1,1033.85,SUCCESS,SUCCESS
133,1,13,Taxable,Books,1,861.35,SUCCESS,SUCCESS
133,1,17,Discounted,Toys,5,555.588,SUCCESS,SUCCESS
133,1,32,Discounted,Garden,5,64.4575,SUCCESS,SUCCESS
133,1,33,Discounted,Office,1,94.162,SUCCESS,SUCCESS
135,1,6,Taxable,Office,4,2643.85,SUCCESS,SUCCESS
135,1,17,Discounted,Toys,5,555.588,SUCCESS,SUCCESS
136,1,7,Taxable,Automotive,1,746.35,SUCCESS,SUCCESS
149,3,3,Taxable,Beauty,4,918.85,SUCCESS,SUCCESS
149,3,5,Taxable,Home,3,1378.85,SUCCESS,SUCCESS
149,3,13,Taxable,Books,1,861.35,SUCCESS,SUCCESS
149,3,24,Discounted,Garden,3,341.147,SUCCESS,SUCCESS
169,3,9,Taxable,Office,2,228.85,SUCCESS,SUCCESS
167,3,5,Taxable,Home,1,1378.85,SUCCESS,SUCCESS
168,1,2,Taxable,Electronics,3,1723.85,SUCCESS,SUCCESS
167,3,6,Taxable,Office,1,2643.85,SUCCESS,SUCCESS
167,3,29,Taxable,Automotive,5,113.85,SUCCESS,SUCCESS
167,3,35,Standard,Perishables,3,69,SUCCESS,SUCCESS
164,3,27,Taxable,Automotive,4,148.35,SUCCESS,SUCCESS
166,3,31,Taxable,Sports,1,90.85,SUCCESS,SUCCESS
165,1,28,Taxable,Beauty,1,125.35,SUCCESS,SUCCESS
172,3,7,Taxable,Automotive,5,746.35,SUCCESS,SUCCESS
171,3,40,Taxable,Office,3,378.35,SUCCESS,SUCCESS
165,1,32,Discounted,Garden,4,64.4575,SUCCESS,SUCCESS
152,1,4,Taxable,Sports,2,1148.85,SUCCESS,SUCCESS
152,1,12,Taxable,Electronics,2,1608.85,SUCCESS,SUCCESS
160,1,5,Taxable,Home,2,1378.85,SUCCESS,SUCCESS
152,1,32,Discounted,Garden,4,64.4575,SUCCESS,SUCCESS
155,3,15,Discounted,Office,4,292.272,SUCCESS,SUCCESS
163,1,2,Taxable,Electronics,2,1723.85,SUCCESS,SUCCESS
163,1,5,Taxable,Home,1,1378.85,SUCCESS,SUCCESS
163,1,30,Taxable,Garden,1,205.85,SUCCESS,SUCCESS
163,1,40,Taxable,Office,5,378.35,SUCCESS,SUCCESS
162,1,37,Discounted,Office,5,253.172,SUCCESS,SUCCESS
153,3,26,Discounted,Sports,4,205.965,SUCCESS,SUCCESS
157,3,1,Taxable,Clothing,2,688.85,SUCCESS,SUCCESS
154,1,11,Taxable,Office,1,1033.85,SUCCESS,SUCCESS
159,3,25,Discounted,Electronics,1,643.08,SUCCESS,SUCCESS
154,1,23,Discounted,Garden,4,237.015,SUCCESS,SUCCESS
154,1,33,Discounted,Office,1,94.162,SUCCESS,SUCCESS
154,1,35,Standard,Perishables,3,69,SUCCESS,SUCCESS
156,1,16,Discounted,Office,1,154.215,SUCCESS,SUCCESS
156,1,34,Discounted,Beauty,3,49.1625,SUCCESS,SUCCESS
161,3,2,Taxable,Electronics,1,1723.85,SUCCESS,SUCCESS
165,1,37,Discounted,Office,5,253.172,SUCCESS,SUCCESS
157,3,10,Taxable,Beauty,2,573.85,SUCCESS,SUCCESS
175,1,40,Taxable,Office,5,378.35,SUCCESS,SUCCESS
158,1,16,Discounted,Office,3,154.215,SUCCESS,SUCCESS
161,3,5,Taxable,Home,4,1378.85,SUCCESS,SUCCESS
161,3,28,Taxable,Beauty,1,125.35,SUCCESS,SUCCESS
161,3,29,Taxable,Automotive,1,113.85,SUCCESS,SUCCESS
170,1,16,Discounted,Office,1,154.215,SUCCESS,SUCCESS
170,1,38,Discounted,Garden,4,412.965,SUCCESS,SUCCESS
170,1,40,Taxable,Office,3,378.35,SUCCESS,SUCCESS
174,1,28,Taxable,Beauty,1,125.35,SUCCESS,SUCCESS
174,1,30,Taxable,Garden,1,205.85,SUCCESS,SUCCESS
193,3,21,Discounted,Books,5,412.965,SUCCESS,SUCCESS
193,3,23,Discounted,Garden,4,237.015,SUCCESS,SUCCESS
193,3,27,Taxable,Automotive,3,148.35,SUCCESS,SUCCESS
193,3,38,Discounted,Garden,5,412.965,SUCCESS,SUCCESS
184,1,3,Taxable,Beauty,1,918.85,SUCCESS,SUCCESS
191,1,3,Taxable,Beauty,1,918.85,SUCCESS,SUCCESS
190,3,17,Discounted,Toys,3,555.588,SUCCESS,SUCCESS
189,1,15,Discounted,Office,4,292.272,SUCCESS,SUCCESS
188,3,16,Discounted,Office,5,154.215,SUCCESS,SUCCESS
178,3,36,Discounted,Garden,2,79.948,SUCCESS,SUCCESS
176,1,12,Taxable,Electronics,3,1608.85,SUCCESS,SUCCESS
176,1,28,Taxable,Beauty,5,125.35,SUCCESS,SUCCESS
176,1,34,Discounted,Beauty,2,49.1625,SUCCESS,SUCCESS
176,1,40,Taxable,Office,2,378.35,SUCCESS,SUCCESS
178,3,38,Discounted,Garden,4,412.965,SUCCESS,SUCCESS
181,1,2,Taxable,Electronics,1,1723.85,SUCCESS,SUCCESS
177,1,16,Discounted,Office,5,154.215,SUCCESS,SUCCESS
173,3,31,Taxable,Sports,4,90.85,SUCCESS,SUCCESS
182,3,22,Discounted,Beauty,3,191.268,SUCCESS,SUCCESS
179,1,23,Discounted,Garden,5,237.015,SUCCESS,SUCCESS
179,1,26,Discounted,Sports,3,205.965,SUCCESS,SUCCESS
179,1,33,Discounted,Office,5,94.162,SUCCESS,SUCCESS
187,1,5,Taxable,Home,2,1378.85,SUCCESS,SUCCESS
195,1,15,Discounted,Office,1,292.272,SUCCESS,SUCCESS
186,3,4,Taxable,Sports,1,1148.85,SUCCESS,SUCCESS
195,1,30,Taxable,Garden,3,205.85,SUCCESS,SUCCESS
195,1,33,Discounted,Office,5,94.162,SUCCESS,SUCCESS
195,1,37,Discounted,Office,3,253.172,SUCCESS,SUCCESS
181,1,13,Taxable,Books,4,861.35,SUCCESS,SUCCESS
185,1,12,Taxable,Electronics,5,1608.85,SUCCESS,SUCCESS
181,1,30,Taxable,Garden,4,205.85,SUCCESS,SUCCESS
181,1,40,Taxable,Office,4,378.35,SUCCESS,SUCCESS
191,1,7,Taxable,Automotive,1,746.35,SUCCESS,SUCCESS
185,1,29,Taxable,Automotive,3,113.85,SUCCESS,SUCCESS
187,1,29,Taxable,Automotive,5,113.85,SUCCESS,SUCCESS
187,1,31,Taxable,Sports,4,90.85,SUCCESS,SUCCESS
187,1,36,Discounted,Garden,4,79.948,SUCCESS,SUCCESS
194,1,35,Standard,Perishables,5,69,SUCCESS,SUCCESS
191,1,17,Discounted,Toys,1,555.588,SUCCESS,SUCCESS
191,1,38,Discounted,Garden,4,412.965,SUCCESS,SUCCESS
177,1,34,Discounted,Beauty,3,49.1625,SUCCESS,SUCCESS
196,3,3,Taxable,Beauty,5,918.85,SUCCESS,SUCCESS
196,3,21,Discounted,Books,5,412.965,SUCCESS,SUCCESS
196,3,30,Taxable,Garden,5,205.85,SUCCESS,SUCCESS
196,3,37,Discounted,Office,1,253.172,SUCCESS,SUCCESS
197,1,5,Taxable,Home,5,1378.85,SUCCESS,SUCCESS
192,3,23,Discounted,Garden,1,237.015,SUCCESS,SUCCESS
180,3,4,Taxable,Sports,1,1148.85,SUCCESS,SUCCESS
183,3,36,Discounted,Garden,3,79.948,SUCCESS,SUCCESS
192,3,31,Taxable,Sports,2,90.85,SUCCESS,SUCCESS
192,3,36,Discounted,Garden,4,79.948,SUCCESS,SUCCESS
183,3,37,Discounted,Office,3,253.172,SUCCESS,SUCCESS
198,3,20,Discounted,Toys,4,272.722,SUCCESS,SUCCESS
198,3,23,Discounted,Garden,5,237.015,SUCCESS,SUCCESS
198,3,30,Taxable,Garden,5,205.85,SUCCESS,SUCCESS
198,3,32,Discounted,Garden,2,64.4575,SUCCESS,SUCCESS
188,3,20,Discounted,Toys,3,272.722,SUCCESS,SUCCESS
197,1,10,Taxable,Beauty,3,573.85,SUCCESS,SUCCESS
197,1,16,Discounted,Office,4,154.215,SUCCESS,SUCCESS
197,1,36,Discounted,Garden,2,79.948,SUCCESS,SUCCESS
219,1,4,Taxable,Sports,4,1148.85,SUCCESS,SUCCESS
211,3,27,Taxable,Automotive,5,148.35,SUCCESS,SUCCESS
210,3,35,Standard,Perishables,2,69,SUCCESS,SUCCESS
205,3,27,Taxable,Automotive,1,148.35,SUCCESS,SUCCESS
218,3,6,Taxable,Office,5,2643.85,SUCCESS,SUCCESS
219,1,35,Standard,Perishables,1,69,SUCCESS,SUCCESS
201,1,6,Taxable,Office,1,2643.85,SUCCESS,SUCCESS
218,3,24,Discounted,Garden,4,341.147,SUCCESS,SUCCESS
218,3,30,Taxable,Garden,5,205.85,SUCCESS,SUCCESS
203,1,15,Discounted,Office,5,292.272,SUCCESS,SUCCESS
202,3,18,Discounted,Garden,2,257.715,SUCCESS,SUCCESS
214,1,8,Taxable,Home,5,2873.85,SUCCESS,SUCCESS
203,1,16,Discounted,Office,5,154.215,SUCCESS,SUCCESS
203,1,32,Discounted,Garden,1,64.4575,SUCCESS,SUCCESS
203,1,34,Discounted,Beauty,1,49.1625,SUCCESS,SUCCESS
199,1,29,Taxable,Automotive,5,113.85,SUCCESS,SUCCESS
214,1,33,Discounted,Office,4,94.162,SUCCESS,SUCCESS
201,1,8,Taxable,Home,2,2873.85,SUCCESS,SUCCESS
201,1,15,Discounted,Office,1,292.272,SUCCESS,SUCCESS
204,3,5,Taxable,Home,1,1378.85,SUCCESS,SUCCESS
216,1,27,Taxable,Automotive,3,148.35,SUCCESS,SUCCESS
206,1,12,Taxable,Electronics,4,1608.85,SUCCESS,SUCCESS
206,1,21,Discounted,Books,3,412.965,SUCCESS,SUCCESS
206,1,23,Discounted,Garden,1,237.015,SUCCESS,SUCCESS
206,1,30,Taxable,Garden,5,205.85,SUCCESS,SUCCESS
204,3,21,Discounted,Books,1,412.965,SUCCESS,SUCCESS
204,3,36,Discounted,Garden,4,79.948,SUCCESS,SUCCESS
209,1,1,Taxable,Clothing,3,688.85,SUCCESS,SUCCESS
217,1,28,Taxable,Beauty,1,125.35,SUCCESS,SUCCESS
200,3,4,Taxable,Sports,1,1148.85,SUCCESS,SUCCESS
209,1,2,Taxable,Electronics,3,1723.85,SUCCESS,SUCCESS
209,1,18,Discounted,Garden,2,257.715,SUCCESS,SUCCESS
209,1,28,Taxable,Beauty,2,125.35,SUCCESS,SUCCESS
219,1,38,Discounted,Garden,2,412.965,SUCCESS,SUCCESS
220,3,38,Discounted,Garden,2,412.965,SUCCESS,SUCCESS
201,1,38,Discounted,Garden,4,412.965,SUCCESS,SUCCESS
212,3,32,Discounted,Garden,1,64.4575,SUCCESS,SUCCESS
208,3,9,Taxable,Office,4,228.85,SUCCESS,SUCCESS
218,3,39,Discounted,Home,1,305.762,SUCCESS,SUCCESS
207,3,39,Discounted,Home,3,305.762,SUCCESS,SUCCESS
215,3,5,Taxable,Home,3,1378.85,SUCCESS,SUCCESS
215,3,8,Taxable,Home,2,2873.85,SUCCESS,SUCCESS
215,3,9,Taxable,Office,4,228.85,SUCCESS,SUCCESS
215,3,36,Discounted,Garden,1,79.948,SUCCESS,SUCCESS
213,3,12,Taxable,Electronics,2,1608.85,SUCCESS,SUCCESS
200,3,10,Taxable,Beauty,2,573.85,SUCCESS,SUCCESS
217,1,32,Discounted,Garden,4,64.4575,SUCCESS,SUCCESS
200,3,24,Discounted,Garden,5,341.147,SUCCESS,SUCCESS
217,1,36,Discounted,Garden,3,79.948,SUCCESS,SUCCESS
200,3,37,Discounted,Office,3,253.172,SUCCESS,SUCCESS
217,1,38,Discounted,Garden,4,412.965,SUCCESS,SUCCESS
213,3,26,Discounted,Sports,4,205.965,SUCCESS,SUCCESS
213,3,35,Standard,Perishables,1,69,SUCCESS,SUCCESS
213,3,39,Discounted,Home,1,305.762,SUCCESS,SUCCESS
240,1,30,Taxable,Garden,3,205.85,SUCCESS,SUCCESS
244,3,39,Discounted,Home,1,305.762,SUCCESS,SUCCESS
236,3,3,Taxable,Beauty,1,918.85,SUCCESS,SUCCESS
236,3,6,Taxable,Office,5,2643.85,SUCCESS,SUCCESS
236,3,31,Taxable,Sports,2,90.85,SUCCESS,SUCCESS
236,3,40,Taxable,Office,3,378.35,SUCCESS,SUCCESS
230,1,30,Taxable,Garden,5,205.85,SUCCESS,SUCCESS
242,1,7,Taxable,Automotive,1,746.35,SUCCESS,SUCCESS
245,1,2,Taxable,Electronics,4,1723.85,SUCCESS,SUCCESS
238,3,27,Taxable,Automotive,3,148.35,SUCCESS,SUCCESS
225,1,15,Discounted,Office,2,292.272,SUCCESS,SUCCESS
243,1,40,Taxable,Office,1,378.35,SUCCESS,SUCCESS
241,3,38,Discounted,Garden,4,412.965,FAILED,FAILED
231,3,32,Discounted,Garden,3,64.4575,SUCCESS,SUCCESS
225,1,32,Discounted,Garden,1,64.4575,SUCCESS,SUCCESS
234,3,5,Taxable,Home,4,1378.85,SUCCESS,SUCCESS
237,1,3,Taxable,Beauty,3,918.85,SUCCESS,SUCCESS
239,1,22,Discounted,Beauty,1,191.268,SUCCESS,SUCCESS
239,1,25,Discounted,Electronics,5,643.08,SUCCESS,SUCCESS
225,1,35,Standard,Perishables,2,69,SUCCESS,SUCCESS
225,1,38,Discounted,Garden,2,412.965,SUCCESS,SUCCESS
238,3,33,Discounted,Office,5,94.162,SUCCESS,SUCCESS
238,3,36,Discounted,Garden,2,79.948,SUCCESS,SUCCESS
226,3,19,Discounted,Automotive,5,168.222,SUCCESS,SUCCESS
222,3,32,Discounted,Garden,2,64.4575,SUCCESS,SUCCESS
221,1,4,Taxable,Sports,3,1148.85,SUCCESS,SUCCESS
233,3,12,Taxable,Electronics,4,1608.85,SUCCESS,SUCCESS
223,1,14,Discounted,Sports,2,464.715,SUCCESS,SUCCESS
232,3,28,Taxable,Beauty,4,125.35,SUCCESS,SUCCESS
227,1,30,Taxable,Garden,4,205.85,SUCCESS,SUCCESS
227,1,33,Discounted,Office,2,94.162,SUCCESS,SUCCESS
235,1,22,Discounted,Beauty,3,191.268,SUCCESS,SUCCESS
235,1,28,Taxable,Beauty,3,125.35,SUCCESS,SUCCESS
235,1,29,Taxable,Automotive,5,113.85,SUCCESS,SUCCESS
235,1,34,Discounted,Beauty,1,49.1625,SUCCESS,SUCCESS
229,1,33,Discounted,Office,4,94.162,SUCCESS,SUCCESS
228,3,9,Taxable,Office,2,228.85,SUCCESS,PARTIAL
228,3,31,Taxable,Sports,5,90.85,SUCCESS,PARTIAL
228,3,32,Discounted,Garden,2,64.4575,SUCCESS,PARTIAL
228,3,38,Discounted,Garden,5,412.965,FAILED,PARTIAL
224,3,11,Taxable,Office,4,1033.85,SUCCESS,SUCCESS
224,3,19,Discounted,Automotive,4,168.222,SUCCESS,SUCCESS
224,3,29,Taxable,Automotive,3,113.85,SUCCESS,SUCCESS
224,3,31,Taxable,Sports,3,90.85,SUCCESS,SUCCESS
263,1,13,Taxable,Books,3,861.35,SUCCESS,SUCCESS
261,1,32,Discounted,Garden,1,64.4575,SUCCESS,SUCCESS
264,1,24,Discounted,Garden,4,341.147,SUCCESS,SUCCESS
262,1,40,Taxable,Office,5,378.35,SUCCESS,SUCCESS
258,3,26,Discounted,Sports,2,205.965,SUCCESS,SUCCESS
257,1,2,Taxable,Electronics,2,1723.85,SUCCESS,SUCCESS
257,1,36,Discounted,Garden,3,79.948,SUCCESS,SUCCESS
257,1,37,Discounted,Office,5,253.172,SUCCESS,SUCCESS
260,1,7,Taxable,Automotive,5,746.35,SUCCESS,SUCCESS
256,3,13,Taxable,Books,3,861.35,SUCCESS,SUCCESS
256,3,34,Discounted,Beauty,1,49.1625,SUCCESS,SUCCESS
256,3,36,Discounted,Garden,5,79.948,SUCCESS,SUCCESS
251,1,13,Taxable,Books,4,861.35,SUCCESS,SUCCESS
250,3,34,Discounted,Beauty,2,49.1625,SUCCESS,SUCCESS
263,1,22,Discounted,Beauty,4,191.268,SUCCESS,SUCCESS
249,1,6,Taxable,Office,2,2643.85,SUCCESS,SUCCESS
249,1,14,Discounted,Sports,3,464.715,SUCCESS,SUCCESS
249,1,28,Taxable,Beauty,4,125.35,SUCCESS,SUCCESS
249,1,37,Discounted,Office,3,253.172,SUCCESS,SUCCESS
252,3,32,Discounted,Garden,4,64.4575,SUCCESS,SUCCESS
263,1,35,Standard,Perishables,5,69,SUCCESS,SUCCESS
254,3,1,Taxable,Clothing,1,688.85,SUCCESS,SUCCESS
263,1,36,Discounted,Garden,4,79.948,SUCCESS,SUCCESS
253,1,35,Standard,Perishables,5,69,SUCCESS,SUCCESS
259,3,7,Taxable,Automotive,5,746.35,SUCCESS,SUCCESS
246,1,26,Discounted,Sports,2,205.965,SUCCESS,SUCCESS
247,1,3,Taxable,Beauty,1,918.85,SUCCESS,SUCCESS
247,1,29,Taxable,Automotive,3,113.85,SUCCESS,SUCCESS
247,1,31,Taxable,Sports,3,90.85,SUCCESS,SUCCESS
254,3,7,Taxable,Automotive,4,746.35,SUCCESS,SUCCESS
254,3,36,Discounted,Garden,2,79.948,SUCCESS,SUCCESS
248,3,32,Discounted,Garden,5,64.4575,SUCCESS,PARTIAL
248,3,35,Standard,Perishables,3,69,SUCCESS,PARTIAL
248,3,38,Discounted,Garden,5,412.965,FAILED,PARTIAL
255,1,8,Taxable,Home,2,2873.85,SUCCESS,SUCCESS
255,1,9,Taxable,Office,2,228.85,SUCCESS,SUCCESS
255,1,16,Discounted,Office,4,154.215,SUCCESS,SUCCESS
255,1,39,Discounted,Home,2,305.762,SUCCESS,SUCCESS
252,3,39,Discounted,Home,1,305.762,SUCCESS,SUCCESS
282,1,26,Discounted,Sports,1,205.965,SUCCESS,SUCCESS
288,1,26,Discounted,Sports,3,205.965,SUCCESS,SUCCESS
290,4,40,Taxable,Office,1,378.35,SUCCESS,SUCCESS
287,1,15,Discounted,Office,5,292.272,SUCCESS,SUCCESS
265,1,34,Discounted,Beauty,2,49.1625,SUCCESS,SUCCESS
267,1,30,Taxable,Garden,3,205.85,SUCCESS,SUCCESS
269,3,16,Discounted,Office,2,154.215,SUCCESS,SUCCESS
273,3,5,Taxable,Home,3,1378.85,SUCCESS,SUCCESS
274,3,38,Discounted,Garden,2,412.965,SUCCESS,SUCCESS
284,3,33,Discounted,Office,2,94.162,SUCCESS,SUCCESS
283,1,13,Taxable,Books,1,861.35,SUCCESS,SUCCESS
266,3,15,Discounted,Office,2,292.272,SUCCESS,SUCCESS
279,3,20,Discounted,Toys,4,272.722,SUCCESS,SUCCESS
279,3,31,Taxable,Sports,1,90.85,SUCCESS,SUCCESS
279,3,34,Discounted,Beauty,2,49.1625,SUCCESS,SUCCESS
279,3,36,Discounted,Garden,5,79.948,SUCCESS,SUCCESS
272,3,26,Discounted,Sports,5,205.965,SUCCESS,SUCCESS
277,1,2,Taxable,Electronics,3,1723.85,SUCCESS,PARTIAL
278,4,25,Discounted,Electronics,4,643.08,SUCCESS,SUCCESS
275,3,17,Discounted,Toys,1,555.588,SUCCESS,SUCCESS
271,1,19,Discounted,Automotive,2,168.222,SUCCESS,PARTIAL
271,1,35,Standard,Perishables,4,69,SUCCESS,PARTIAL
271,1,37,Discounted,Office,5,253.172,SUCCESS,PARTIAL
271,1,38,Discounted,Garden,3,412.965,FAILED,PARTIAL
285,1,24,Discounted,Garden,2,341.147,SUCCESS,SUCCESS
285,1,26,Discounted,Sports,2,205.965,SUCCESS,SUCCESS
285,1,29,Taxable,Automotive,3,113.85,SUCCESS,SUCCESS
285,1,36,Discounted,Garden,5,79.948,SUCCESS,SUCCESS
268,1,32,Discounted,Garden,5,64.4575,SUCCESS,SUCCESS
280,4,37,Discounted,Office,2,253.172,SUCCESS,SUCCESS
270,1,4,Taxable,Sports,2,1148.85,SUCCESS,SUCCESS
281,1,1,Taxable,Clothing,5,688.85,SUCCESS,PARTIAL
281,1,29,Taxable,Automotive,2,113.85,SUCCESS,PARTIAL
281,1,38,Discounted,Garden,2,412.965,FAILED,PARTIAL
286,3,3,Taxable,Beauty,2,918.85,SUCCESS,SUCCESS
277,1,38,Discounted,Garden,2,412.965,FAILED,PARTIAL
286,3,27,Taxable,Automotive,4,148.35,SUCCESS,SUCCESS
286,3,28,Taxable,Beauty,4,125.35,SUCCESS,SUCCESS
286,3,34,Discounted,Beauty,3,49.1625,SUCCESS,SUCCESS
276,3,12,Taxable,Electronics,1,1608.85,SUCCESS,SUCCESS
276,3,23,Discounted,Garden,5,237.015,SUCCESS,SUCCESS
276,3,25,Discounted,Electronics,3,643.08,SUCCESS,SUCCESS
276,3,30,Taxable,Garden,1,205.85,SUCCESS,SUCCESS
302,3,13,Taxable,Books,3,861.35,SUCCESS,SUCCESS
302,3,37,Discounted,Office,1,253.172,SUCCESS,SUCCESS
302,3,39,Discounted,Home,5,305.762,SUCCESS,SUCCESS
305,3,5,Taxable,Home,1,1378.85,SUCCESS,SUCCESS
303,4,4,Taxable,Sports,5,1148.85,SUCCESS,SUCCESS
296,3,18,Discounted,Garden,5,257.715,SUCCESS,SUCCESS
296,3,20,Discounted,Toys,2,272.722,SUCCESS,SUCCESS
296,3,30,Taxable,Garden,2,205.85,SUCCESS,SUCCESS
296,3,33,Discounted,Office,4,94.162,SUCCESS,SUCCESS
304,1,16,Discounted,Office,5,154.215,SUCCESS,SUCCESS
297,1,2,Taxable,Electronics,5,1723.85,SUCCESS,PARTIAL
297,1,9,Taxable,Office,4,228.85,SUCCESS,PARTIAL
297,1,38,Discounted,Garden,5,412.965,FAILED,PARTIAL
289,1,18,Discounted,Garden,3,257.715,SUCCESS,SUCCESS
295,1,2,Taxable,Electronics,4,1723.85,SUCCESS,SUCCESS
289,1,22,Discounted,Beauty,1,191.268,SUCCESS,SUCCESS
295,1,8,Taxable,Home,2,2873.85,SUCCESS,SUCCESS
295,1,27,Taxable,Automotive,4,148.35,SUCCESS,SUCCESS
295,1,35,Standard,Perishables,2,69,SUCCESS,SUCCESS
289,1,29,Taxable,Automotive,3,113.85,SUCCESS,SUCCESS
289,1,40,Taxable,Office,1,378.35,SUCCESS,SUCCESS
291,4,33,Discounted,Office,1,94.162,SUCCESS,SUCCESS
300,1,6,Taxable,Office,4,2643.85,FAILED,PARTIAL
300,1,16,Discounted,Office,4,154.215,SUCCESS,PARTIAL
292,3,20,Discounted,Toys,1,272.722,SUCCESS,SUCCESS
299,4,20,Discounted,Toys,5,272.722,SUCCESS,SUCCESS
299,4,22,Discounted,Beauty,1,191.268,SUCCESS,SUCCESS
299,4,29,Taxable,Automotive,2,113.85,SUCCESS,SUCCESS
298,1,33,Discounted,Office,2,94.162,SUCCESS,SUCCESS
293,3,29,Taxable,Automotive,1,113.85,SUCCESS,SUCCESS
293,3,30,Taxable,Garden,5,205.85,SUCCESS,SUCCESS
294,3,16,Discounted,Office,5,154.215,SUCCESS,SUCCESS
301,1,15,Discounted,Office,2,292.272,SUCCESS,SUCCESS
325,3,21,Discounted,Books,3,412.965,SUCCESS,SUCCESS
331,4,10,Taxable,Beauty,5,573.85,SUCCESS,SUCCESS
325,3,29,Taxable,Automotive,5,113.85,SUCCESS,SUCCESS
333,1,4,Taxable,Sports,5,1148.85,SUCCESS,SUCCESS
333,1,13,Taxable,Books,4,861.35,SUCCESS,SUCCESS
333,1,29,Taxable,Automotive,4,113.85,SUCCESS,SUCCESS
328,1,27,Taxable,Automotive,3,148.35,SUCCESS,SUCCESS
327,1,40,Taxable,Office,3,378.35,SUCCESS,SUCCESS
330,1,10,Taxable,Beauty,2,573.85,SUCCESS,SUCCESS
333,1,40,Taxable,Office,4,378.35,SUCCESS,SUCCESS
320,4,27,Taxable,Automotive,1,148.35,SUCCESS,SUCCESS
332,1,34,Discounted,Beauty,1,49.1625,SUCCESS,SUCCESS
322,4,19,Discounted,Automotive,1,168.222,SUCCESS,SUCCESS
326,1,12,Taxable,Electronics,1,1608.85,SUCCESS,PARTIAL
319,4,8,Taxable,Home,5,2873.85,FAILED,PARTIAL
308,1,20,Discounted,Toys,2,272.722,SUCCESS,SUCCESS
308,1,40,Taxable,Office,5,378.35,SUCCESS,SUCCESS
318,4,36,Discounted,Garden,2,79.948,SUCCESS,SUCCESS
318,4,37,Discounted,Office,2,253.172,SUCCESS,SUCCESS
319,4,12,Taxable,Electronics,1,1608.85,SUCCESS,PARTIAL
319,4,37,Discounted,Office,3,253.172,SUCCESS,PARTIAL
319,4,39,Discounted,Home,1,305.762,SUCCESS,PARTIAL
335,1,6,Taxable,Office,3,2643.85,FAILED,FAILED
312,4,4,Taxable,Sports,2,1148.85,SUCCESS,SUCCESS
312,4,29,Taxable,Automotive,5,113.85,SUCCESS,SUCCESS
312,4,32,Discounted,Garden,4,64.4575,SUCCESS,SUCCESS
336,3,1,Taxable,Clothing,4,688.85,SUCCESS,SUCCESS
336,3,9,Taxable,Office,3,228.85,SUCCESS,SUCCESS
336,3,10,Taxable,Beauty,3,573.85,SUCCESS,SUCCESS
336,3,33,Discounted,Office,2,94.162,SUCCESS,SUCCESS
323,3,6,Taxable,Office,5,2643.85,FAILED,PARTIAL
323,3,14,Discounted,Sports,3,464.715,SUCCESS,PARTIAL
323,3,23,Discounted,Garden,1,237.015,SUCCESS,PARTIAL
323,3,32,Discounted,Garden,2,64.4575,SUCCESS,PARTIAL
329,1,32,Discounted,Garden,2,64.4575,SUCCESS,SUCCESS
306,3,26,Discounted,Sports,1,205.965,SUCCESS,SUCCESS
324,1,17,Discounted,Toys,1,555.588,SUCCESS,SUCCESS
324,1,24,Discounted,Garden,5,341.147,SUCCESS,SUCCESS
307,4,2,Taxable,Electronics,4,1723.85,SUCCESS,SUCCESS
307,4,14,Discounted,Sports,2,464.715,SUCCESS,SUCCESS
307,4,21,Discounted,Books,1,412.965,SUCCESS,SUCCESS
307,4,37,Discounted,Office,3,253.172,SUCCESS,SUCCESS
326,1,24,Discounted,Garden,1,341.147,SUCCESS,PARTIAL
326,1,38,Discounted,Garden,2,412.965,FAILED,PARTIAL
310,1,13,Taxable,Books,4,861.35,SUCCESS,SUCCESS
310,1,30,Taxable,Garden,5,205.85,SUCCESS,SUCCESS
321,4,10,Taxable,Beauty,5,573.85,SUCCESS,SUCCESS
313,3,22,Discounted,Beauty,5,191.268,SUCCESS,SUCCESS
317,1,13,Taxable,Books,3,861.35,SUCCESS,SUCCESS
312,4,40,Taxable,Office,5,378.35,SUCCESS,SUCCESS
316,1,17,Discounted,Toys,5,555.588,SUCCESS,SUCCESS
316,1,33,Discounted,Office,2,94.162,SUCCESS,SUCCESS
314,1,6,Taxable,Office,2,2643.85,SUCCESS,SUCCESS
314,1,29,Taxable,Automotive,1,113.85,SUCCESS,SUCCESS
314,1,34,Discounted,Beauty,2,49.1625,SUCCESS,SUCCESS
314,1,39,Discounted,Home,1,305.762,SUCCESS,SUCCESS
315,1,16,Discounted,Office,5,154.215,SUCCESS,SUCCESS
309,3,6,Taxable,Office,1,2643.85,SUCCESS,SUCCESS
309,3,8,Taxable,Home,2,2873.85,SUCCESS,SUCCESS
309,3,11,Taxable,Office,1,1033.85,SUCCESS,SUCCESS
309,3,29,Taxable,Automotive,5,113.85,SUCCESS,SUCCESS
311,1,29,Taxable,Automotive,1,113.85,SUCCESS,PARTIAL
311,1,32,Discounted,Garden,4,64.4575,SUCCESS,PARTIAL
311,1,38,Discounted,Garden,3,412.965,FAILED,PARTIAL
348,4,5,Taxable,Home,2,1378.85,SUCCESS,SUCCESS
347,3,24,Discounted,Garden,5,341.147,SUCCESS,SUCCESS
349,1,11,Taxable,Office,5,1033.85,SUCCESS,SUCCESS
346,3,32,Discounted,Garden,3,64.4575,SUCCESS,SUCCESS
343,3,9,Taxable,Office,1,228.85,SUCCESS,SUCCESS
342,1,15,Discounted,Office,5,292.272,SUCCESS,SUCCESS
337,1,22,Discounted,Beauty,5,191.268,SUCCESS,SUCCESS
340,3,23,Discounted,Garden,1,237.015,SUCCESS,SUCCESS
344,3,37,Discounted,Office,5,253.172,SUCCESS,SUCCESS
338,3,37,Discounted,Office,4,253.172,SUCCESS,SUCCESS
339,1,24,Discounted,Garden,3,341.147,SUCCESS,SUCCESS
339,1,25,Discounted,Electronics,3,643.08,SUCCESS,SUCCESS
339,1,35,Standard,Perishables,2,69,SUCCESS,SUCCESS
339,1,37,Discounted,Office,2,253.172,SUCCESS,SUCCESS
334,4,2,Taxable,Electronics,3,1723.85,SUCCESS,PARTIAL
334,4,6,Taxable,Office,5,2643.85,FAILED,PARTIAL
341,3,8,Taxable,Home,5,2873.85,FAILED,PARTIAL
341,3,29,Taxable,Automotive,5,113.85,SUCCESS,PARTIAL
341,3,32,Discounted,Garden,1,64.4575,SUCCESS,PARTIAL
341,3,37,Discounted,Office,5,253.172,SUCCESS,PARTIAL
350,3,27,Taxable,Automotive,5,148.35,SUCCESS,SUCCESS
345,3,16,Discounted,Office,2,154.215,SUCCESS,SUCCESS
334,4,30,Taxable,Garden,5,205.85,SUCCESS,PARTIAL
334,4,36,Discounted,Garden,3,79.948,SUCCESS,PARTIAL
347,3,30,Taxable,Garden,2,205.85,SUCCESS,SUCCESS
347,3,35,Standard,Perishables,2,69,SUCCESS,SUCCESS
347,3,36,Discounted,Garden,5,79.948,SUCCESS,SUCCESS
373,4,5,Taxable,Home,5,1378.85,SUCCESS,SUCCESS
373,4,26,Discounted,Sports,5,205.965,SUCCESS,SUCCESS
373,4,29,Taxable,Automotive,4,113.85,SUCCESS,SUCCESS
373,4,31,Taxable,Sports,1,90.85,SUCCESS,SUCCESS
377,4,20,Discounted,Toys,3,272.722,SUCCESS,SUCCESS
372,4,33,Discounted,Office,3,94.162,SUCCESS,SUCCESS
364,3,23,Discounted,Garden,4,237.015,SUCCESS,SUCCESS
369,1,4,Taxable,Sports,4,1148.85,SUCCESS,SUCCESS
369,1,10,Taxable,Beauty,3,573.85,SUCCESS,SUCCESS
372,4,35,Standard,Perishables,1,69,SUCCESS,SUCCESS
372,4,36,Discounted,Garden,4,79.948,SUCCESS,SUCCESS
355,3,25,Discounted,Electronics,4,643.08,SUCCESS,SUCCESS
361,1,21,Discounted,Books,2,412.965,SUCCESS,SUCCESS
361,1,23,Discounted,Garden,3,237.015,SUCCESS,SUCCESS
381,1,22,Discounted,Beauty,2,191.268,SUCCESS,SUCCESS
351,4,8,Taxable,Home,3,2873.85,FAILED,PARTIAL
351,4,22,Discounted,Beauty,1,191.268,SUCCESS,PARTIAL
360,1,23,Discounted,Garden,4,237.015,SUCCESS,SUCCESS
374,3,28,Taxable,Beauty,2,125.35,SUCCESS,SUCCESS
374,3,35,Standard,Perishables,4,69,SUCCESS,SUCCESS
359,3,17,Discounted,Toys,5,555.588,SUCCESS,SUCCESS
359,3,27,Taxable,Automotive,1,148.35,SUCCESS,SUCCESS
359,3,28,Taxable,Beauty,3,125.35,SUCCESS,SUCCESS
359,3,37,Discounted,Office,4,253.172,SUCCESS,SUCCESS
371,5,32,Discounted,Garden,1,64.4575,SUCCESS,SUCCESS
367,1,27,Taxable,Automotive,3,148.35,SUCCESS,SUCCESS
365,1,40,Taxable,Office,2,378.35,SUCCESS,SUCCESS
362,3,25,Discounted,Electronics,3,643.08,SUCCESS,SUCCESS
358,1,2,Taxable,Electronics,3,1723.85,SUCCESS,SUCCESS
358,1,29,Taxable,Automotive,5,113.85,SUCCESS,SUCCESS
380,1,24,Discounted,Garden,1,341.147,SUCCESS,SUCCESS
355,3,30,Taxable,Garden,4,205.85,SUCCESS,SUCCESS
376,1,40,Taxable,Office,4,378.35,SUCCESS,SUCCESS
370,1,11,Taxable,Office,2,1033.85,SUCCESS,SUCCESS
351,4,34,Discounted,Beauty,5,49.1625,SUCCESS,PARTIAL
356,1,4,Taxable,Sports,5,1148.85,SUCCESS,SUCCESS
353,3,33,Discounted,Office,4,94.162,SUCCESS,SUCCESS
366,3,24,Discounted,Garden,2,341.147,SUCCESS,SUCCESS
354,3,9,Taxable,Office,4,228.85,SUCCESS,SUCCESS
375,1,32,Discounted,Garden,2,64.4575,SUCCESS,SUCCESS
363,1,36,Discounted,Garden,3,79.948,SUCCESS,SUCCESS
355,3,34,Discounted,Beauty,4,49.1625,SUCCESS,SUCCESS
352,1,7,Taxable,Automotive,3,746.35,SUCCESS,SUCCESS
352,1,24,Discounted,Garden,5,341.147,SUCCESS,SUCCESS
352,1,30,Taxable,Garden,1,205.85,SUCCESS,SUCCESS
352,1,39,Discounted,Home,5,305.762,SUCCESS,SUCCESS
368,3,4,Taxable,Sports,3,1148.85,SUCCESS,SUCCESS
357,3,40,Taxable,Office,3,378.35,SUCCESS,SUCCESS
401,3,2,Taxable,Electronics,5,1723.85,SUCCESS,SUCCESS
398,4,11,Taxable,Office,1,1033.85,SUCCESS,SUCCESS
397,3,9,Taxable,Office,5,228.85,SUCCESS,SUCCESS
397,3,36,Discounted,Garden,4,79.948,SUCCESS,SUCCESS
399,3,4,Taxable,Sports,4,1148.85,SUCCESS,SUCCESS
393,3,11,Taxable,Office,3,1033.85,SUCCESS,SUCCESS
396,3,28,Taxable,Beauty,2,125.35,SUCCESS,SUCCESS
394,4,14,Discounted,Sports,1,464.715,SUCCESS,SUCCESS
394,4,19,Discounted,Automotive,2,168.222,SUCCESS,SUCCESS
382,1,28,Taxable,Beauty,3,125.35,SUCCESS,SUCCESS
394,4,40,Taxable,Office,5,378.35,SUCCESS,SUCCESS
387,3,39,Discounted,Home,5,305.762,SUCCESS,SUCCESS
382,1,31,Taxable,Sports,1,90.85,SUCCESS,SUCCESS
382,1,36,Discounted,Garden,5,79.948,SUCCESS,SUCCESS
388,5,37,Discounted,Office,2,253.172,FAILED,FAILED
392,3,35,Standard,Perishables,2,69,SUCCESS,SUCCESS
389,3,37,Discounted,Office,3,253.172,FAILED,FAILED
378,5,2,Taxable,Electronics,5,1723.85,SUCCESS,PARTIAL
378,5,6,Taxable,Office,3,2643.85,FAILED,PARTIAL
391,3,9,Taxable,Office,4,228.85,SUCCESS,SUCCESS
378,5,31,Taxable,Sports,2,90.85,SUCCESS,PARTIAL
384,3,7,Taxable,Automotive,4,746.35,SUCCESS,SUCCESS
378,5,37,Discounted,Office,2,253.172,SUCCESS,PARTIAL
390,3,21,Discounted,Books,4,412.965,SUCCESS,SUCCESS
379,3,23,Discounted,Garden,4,237.015,SUCCESS,SUCCESS
385,3,6,Taxable,Office,1,2643.85,FAILED,PARTIAL
385,3,28,Taxable,Beauty,5,125.35,SUCCESS,PARTIAL
383,4,24,Discounted,Garden,2,341.147,SUCCESS,SUCCESS
383,4,32,Discounted,Garden,3,64.4575,SUCCESS,SUCCESS
383,4,35,Standard,Perishables,2,69,SUCCESS,SUCCESS
383,4,37,Discounted,Office,1,253.172,SUCCESS,SUCCESS
386,3,3,Taxable,Beauty,3,918.85,SUCCESS,SUCCESS
427,5,31,Taxable,Sports,1,90.85,SUCCESS,PARTIAL
427,5,37,Discounted,Office,3,253.172,FAILED,PARTIAL
420,3,4,Taxable,Sports,3,1148.85,FAILED,PARTIAL
420,3,11,Taxable,Office,5,1033.85,SUCCESS,PARTIAL
420,3,33,Discounted,Office,5,94.162,SUCCESS,PARTIAL
420,3,38,Discounted,Garden,4,412.965,FAILED,PARTIAL
423,3,11,Taxable,Office,5,1033.85,FAILED,FAILED
424,4,27,Taxable,Automotive,3,148.35,SUCCESS,SUCCESS
417,4,37,Discounted,Office,4,253.172,FAILED,FAILED
418,5,26,Discounted,Sports,5,205.965,SUCCESS,SUCCESS
419,3,34,Discounted,Beauty,4,49.1625,SUCCESS,SUCCESS
429,5,36,Discounted,Garden,2,79.948,SUCCESS,SUCCESS
421,3,9,Taxable,Office,1,228.85,SUCCESS,SUCCESS
422,4,38,Discounted,Garden,1,412.965,FAILED,FAILED
428,5,18,Discounted,Garden,5,257.715,SUCCESS,SUCCESS
407,5,37,Discounted,Office,3,253.172,FAILED,FAILED
410,4,7,Taxable,Automotive,4,746.35,SUCCESS,SUCCESS
406,1,16,Discounted,Office,4,154.215,SUCCESS,SUCCESS
404,3,35,Standard,Perishables,4,69,SUCCESS,SUCCESS
415,5,23,Discounted,Garden,4,237.015,SUCCESS,SUCCESS
430,5,1,Taxable,Clothing,4,688.85,SUCCESS,PARTIAL
405,5,29,Taxable,Automotive,3,113.85,SUCCESS,SUCCESS
395,5,2,Taxable,Electronics,3,1723.85,SUCCESS,PARTIAL
395,5,5,Taxable,Home,3,1378.85,SUCCESS,PARTIAL
395,5,6,Taxable,Office,4,2643.85,FAILED,PARTIAL
395,5,37,Discounted,Office,3,253.172,FAILED,PARTIAL
413,5,11,Taxable,Office,4,1033.85,SUCCESS,SUCCESS
413,5,32,Discounted,Garden,1,64.4575,SUCCESS,SUCCESS
409,4,38,Discounted,Garden,1,412.965,FAILED,FAILED
411,5,33,Discounted,Office,2,94.162,SUCCESS,SUCCESS
403,3,4,Taxable,Sports,2,1148.85,FAILED,FAILED
408,3,37,Discounted,Office,5,253.172,FAILED,FAILED
421,3,17,Discounted,Toys,3,555.588,SUCCESS,SUCCESS
414,5,2,Taxable,Electronics,3,1723.85,SUCCESS,SUCCESS
400,4,15,Discounted,Office,2,292.272,SUCCESS,SUCCESS
400,4,29,Taxable,Automotive,3,113.85,SUCCESS,SUCCESS
400,4,31,Taxable,Sports,1,90.85,SUCCESS,SUCCESS
400,4,32,Discounted,Garden,2,64.4575,SUCCESS,SUCCESS
421,3,25,Discounted,Electronics,4,643.08,SUCCESS,SUCCESS
421,3,35,Standard,Perishables,2,69,SUCCESS,SUCCESS
416,5,9,Taxable,Office,3,228.85,SUCCESS,SUCCESS
416,5,12,Taxable,Electronics,5,1608.85,SUCCESS,SUCCESS
416,5,33,Discounted,Office,2,94.162,SUCCESS,SUCCESS
416,5,36,Discounted,Garden,5,79.948,SUCCESS,SUCCESS
402,1,6,Taxable,Office,3,2643.85,FAILED,FAILED
412,5,3,Taxable,Beauty,2,918.85,SUCCESS,SUCCESS
430,5,28,Taxable,Beauty,5,125.35,SUCCESS,PARTIAL
430,5,40,Taxable,Office,3,378.35,FAILED,PARTIAL
448,5,23,Discounted,Garden,5,237.015,SUCCESS,SUCCESS
449,4,13,Taxable,Books,2,861.35,SUCCESS,SUCCESS
446,4,5,Taxable,Home,5,1378.85,SUCCESS,SUCCESS
446,4,14,Discounted,Sports,3,464.715,SUCCESS,SUCCESS
446,4,37,Discounted,Office,1,253.172,SUCCESS,SUCCESS
444,2,3,Taxable,Beauty,5,918.85,SUCCESS,SUCCESS
444,2,12,Taxable,Electronics,2,1608.85,SUCCESS,SUCCESS
444,2,25,Discounted,Electronics,5,643.08,SUCCESS,SUCCESS
445,5,6,Taxable,Office,5,2643.85,FAILED,PARTIAL
443,4,17,Discounted,Toys,5,555.588,SUCCESS,SUCCESS
439,3,27,Taxable,Automotive,4,148.35,SUCCESS,SUCCESS
437,4,2,Taxable,Electronics,2,1723.85,SUCCESS,SUCCESS
437,4,21,Discounted,Books,5,412.965,SUCCESS,SUCCESS
437,4,23,Discounted,Garden,2,237.015,SUCCESS,SUCCESS
445,5,30,Taxable,Garden,2,205.85,SUCCESS,PARTIAL
425,4,9,Taxable,Office,3,228.85,SUCCESS,SUCCESS
435,4,4,Taxable,Sports,2,1148.85,FAILED,PARTIAL
435,4,11,Taxable,Office,3,1033.85,SUCCESS,PARTIAL
435,4,16,Discounted,Office,3,154.215,SUCCESS,PARTIAL
435,4,37,Discounted,Office,5,253.172,FAILED,PARTIAL
426,3,29,Taxable,Automotive,4,113.85,SUCCESS,SUCCESS
445,5,35,Standard,Perishables,4,69,SUCCESS,PARTIAL
438,5,39,Discounted,Home,4,305.762,SUCCESS,SUCCESS
432,4,3,Taxable,Beauty,2,918.85,SUCCESS,SUCCESS
444,2,33,Discounted,Office,1,94.162,SUCCESS,SUCCESS
433,3,27,Taxable,Automotive,5,148.35,SUCCESS,SUCCESS
436,5,14,Discounted,Sports,1,464.715,SUCCESS,SUCCESS
441,5,4,Taxable,Sports,4,1148.85,FAILED,PARTIAL
442,3,30,Taxable,Garden,2,205.85,SUCCESS,SUCCESS
441,5,7,Taxable,Automotive,2,746.35,SUCCESS,PARTIAL
441,5,36,Discounted,Garden,3,79.948,SUCCESS,PARTIAL
442,3,33,Discounted,Office,2,94.162,SUCCESS,SUCCESS
442,3,36,Discounted,Garden,4,79.948,SUCCESS,SUCCESS
431,5,6,Taxable,Office,1,2643.85,FAILED,FAILED
440,4,6,Taxable,Office,5,2643.85,FAILED,PARTIAL
440,4,35,Standard,Perishables,2,69,SUCCESS,PARTIAL
440,4,37,Discounted,Office,2,253.172,FAILED,PARTIAL
434,4,29,Taxable,Automotive,5,113.85,SUCCESS,SUCCESS
434,4,36,Discounted,Garden,5,79.948,SUCCESS,SUCCESS
455,4,1,Taxable,Clothing,2,688.85,SUCCESS,SUCCESS
455,4,7,Taxable,Automotive,5,746.35,SUCCESS,SUCCESS
460,3,4,Taxable,Sports,3,1148.85,FAILED,FAILED
459,5,26,Discounted,Sports,3,205.965,SUCCESS,PARTIAL
463,5,13,Taxable,Books,2,861.35,SUCCESS,SUCCESS
452,2,33,Discounted,Office,2,94.162,SUCCESS,SUCCESS
466,5,36,Discounted,Garden,5,79.948,SUCCESS,SUCCESS
451,2,17,Discounted,Toys,3,555.588,SUCCESS,SUCCESS
458,5,29,Taxable,Automotive,1,113.85,SUCCESS,SUCCESS
459,5,30,Taxable,Garden,4,205.85,SUCCESS,PARTIAL
453,2,24,Discounted,Garden,1,341.147,SUCCESS,SUCCESS
450,5,33,Discounted,Office,3,94.162,SUCCESS,SUCCESS
462,3,32,Discounted,Garden,4,64.4575,SUCCESS,PARTIAL
462,3,38,Discounted,Garden,5,412.965,FAILED,PARTIAL
457,4,7,Taxable,Automotive,5,746.35,SUCCESS,SUCCESS
457,4,13,Taxable,Books,4,861.35,SUCCESS,SUCCESS
457,4,28,Taxable,Beauty,3,125.35,SUCCESS,SUCCESS
461,2,24,Discounted,Garden,5,341.147,SUCCESS,SUCCESS
455,4,12,Taxable,Electronics,1,1608.85,SUCCESS,SUCCESS
468,4,3,Taxable,Beauty,4,918.85,SUCCESS,SUCCESS
447,3,7,Taxable,Automotive,2,746.35,SUCCESS,SUCCESS
468,4,5,Taxable,Home,4,1378.85,SUCCESS,SUCCESS
447,3,31,Taxable,Sports,1,90.85,SUCCESS,SUCCESS
447,3,32,Discounted,Garden,1,64.4575,SUCCESS,SUCCESS
447,3,39,Discounted,Home,4,305.762,SUCCESS,SUCCESS
456,2,28,Taxable,Beauty,5,125.35,SUCCESS,SUCCESS
454,2,6,Taxable,Office,4,2643.85,FAILED,PARTIAL
454,2,7,Taxable,Automotive,3,746.35,SUCCESS,PARTIAL
454,2,37,Discounted,Office,2,253.172,FAILED,PARTIAL
454,2,38,Discounted,Garden,5,412.965,FAILED,PARTIAL
465,3,32,Discounted,Garden,5,64.4575,SUCCESS,SUCCESS
479,3,1,Taxable,Clothing,5,688.85,SUCCESS,SUCCESS
479,3,36,Discounted,Garden,3,79.948,SUCCESS,SUCCESS
459,5,38,Discounted,Garden,1,412.965,FAILED,PARTIAL
477,5,11,Taxable,Office,1,1033.85,FAILED,FAILED
467,5,2,Taxable,Electronics,1,1723.85,SUCCESS,SUCCESS
470,4,13,Taxable,Books,5,861.35,SUCCESS,SUCCESS
470,4,31,Taxable,Sports,5,90.85,SUCCESS,SUCCESS
470,4,32,Discounted,Garden,4,64.4575,SUCCESS,SUCCESS
470,4,35,Standard,Perishables,1,69,SUCCESS,SUCCESS
472,4,10,Taxable,Beauty,4,573.85,SUCCESS,PARTIAL
472,4,29,Taxable,Automotive,3,113.85,SUCCESS,PARTIAL
472,4,36,Discounted,Garden,2,79.948,SUCCESS,PARTIAL
472,4,38,Discounted,Garden,3,412.965,FAILED,PARTIAL
464,2,31,Taxable,Sports,5,90.85,SUCCESS,PARTIAL
464,2,40,Taxable,Office,3,378.35,FAILED,PARTIAL
455,4,29,Taxable,Automotive,5,113.85,SUCCESS,SUCCESS
473,2,28,Taxable,Beauty,1,125.35,SUCCESS,SUCCESS
474,4,3,Taxable,Beauty,1,918.85,SUCCESS,SUCCESS
469,5,5,Taxable,Home,4,1378.85,SUCCESS,SUCCESS
476,5,30,Taxable,Garden,5,205.85,SUCCESS,SUCCESS
471,2,28,Taxable,Beauty,3,125.35,SUCCESS,SUCCESS
482,2,6,Taxable,Office,2,2643.85,FAILED,FAILED
480,3,1,Taxable,Clothing,4,688.85,SUCCESS,SUCCESS
480,3,2,Taxable,Electronics,1,1723.85,SUCCESS,SUCCESS
480,3,7,Taxable,Automotive,2,746.35,SUCCESS,SUCCESS
480,3,10,Taxable,Beauty,3,573.85,SUCCESS,SUCCESS
478,5,5,Taxable,Home,4,1378.85,SUCCESS,SUCCESS
481,2,26,Discounted,Sports,5,205.965,SUCCESS,SUCCESS
475,4,5,Taxable,Home,5,1378.85,SUCCESS,PARTIAL
475,4,6,Taxable,Office,3,2643.85,FAILED,PARTIAL
475,4,29,Taxable,Automotive,1,113.85,SUCCESS,PARTIAL
500,4,36,Discounted,Garden,1,79.948,SUCCESS,SUCCESS
496,4,29,Taxable,Automotive,5,113.85,SUCCESS,SUCCESS
492,3,5,Taxable,Home,3,1378.85,SUCCESS,SUCCESS
492,3,15,Discounted,Office,5,292.272,SUCCESS,SUCCESS
489,3,1,Taxable,Clothing,5,688.85,SUCCESS,SUCCESS
489,3,18,Discounted,Garden,4,257.715,SUCCESS,SUCCESS
486,2,14,Discounted,Sports,4,464.715,SUCCESS,SUCCESS
489,3,22,Discounted,Beauty,2,191.268,SUCCESS,SUCCESS
485,3,3,Taxable,Beauty,3,918.85,SUCCESS,SUCCESS
485,3,25,Discounted,Electronics,1,643.08,SUCCESS,SUCCESS
485,3,33,Discounted,Office,5,94.162,SUCCESS,SUCCESS
490,5,4,Taxable,Sports,3,1148.85,FAILED,FAILED
490,5,37,Discounted,Office,3,253.172,FAILED,FAILED
498,4,7,Taxable,Automotive,1,746.35,SUCCESS,SUCCESS
493,2,39,Discounted,Home,3,305.762,SUCCESS,SUCCESS
483,4,26,Discounted,Sports,4,205.965,SUCCESS,SUCCESS
491,2,27,Taxable,Automotive,3,148.35,SUCCESS,SUCCESS
487,3,38,Discounted,Garden,3,412.965,FAILED,FAILED
488,2,39,Discounted,Home,4,305.762,SUCCESS,SUCCESS
501,4,14,Discounted,Sports,1,464.715,SUCCESS,SUCCESS
484,2,7,Taxable,Automotive,4,746.35,SUCCESS,SUCCESS
484,2,13,Taxable,Books,5,861.35,SUCCESS,SUCCESS
484,2,19,Discounted,Automotive,2,168.222,SUCCESS,SUCCESS
484,2,31,Taxable,Sports,1,90.85,SUCCESS,SUCCESS
497,4,9,Taxable,Office,4,228.85,SUCCESS,SUCCESS
497,4,20,Discounted,Toys,3,272.722,SUCCESS,SUCCESS
497,4,31,Taxable,Sports,5,90.85,SUCCESS,SUCCESS
494,5,33,Discounted,Office,4,94.162,SUCCESS,SUCCESS
509,2,31,Taxable,Sports,4,90.85,SUCCESS,SUCCESS
507,3,15,Discounted,Office,1,292.272,SUCCESS,SUCCESS
504,3,23,Discounted,Garden,2,237.015,SUCCESS,SUCCESS
506,3,5,Taxable,Home,1,1378.85,SUCCESS,SUCCESS
507,3,19,Discounted,Automotive,5,168.222,SUCCESS,SUCCESS
508,3,11,Taxable,Office,1,1033.85,FAILED,FAILED
499,2,39,Discounted,Home,3,305.762,SUCCESS,SUCCESS
502,4,13,Taxable,Books,4,861.35,SUCCESS,SUCCESS
505,3,31,Taxable,Sports,5,90.85,SUCCESS,SUCCESS
495,3,11,Taxable,Office,4,1033.85,FAILED,FAILED
512,2,9,Taxable,Office,5,228.85,SUCCESS,SUCCESS
512,2,30,Taxable,Garden,5,205.85,SUCCESS,SUCCESS
512,2,33,Discounted,Office,3,94.162,SUCCESS,SUCCESS
524,5,22,Discounted,Beauty,5,191.268,SUCCESS,SUCCESS
519,5,5,Taxable,Home,1,1378.85,FAILED,FAILED
519,5,37,Discounted,Office,5,253.172,FAILED,FAILED
524,5,30,Taxable,Garden,4,205.85,SUCCESS,SUCCESS
516,3,9,Taxable,Office,2,228.85,SUCCESS,SUCCESS
518,4,13,Taxable,Books,4,861.35,SUCCESS,PARTIAL
518,4,28,Taxable,Beauty,3,125.35,SUCCESS,PARTIAL
518,4,31,Taxable,Sports,3,90.85,SUCCESS,PARTIAL
518,4,38,Discounted,Garden,1,412.965,FAILED,PARTIAL
517,2,3,Taxable,Beauty,3,918.85,SUCCESS,SUCCESS
517,2,30,Taxable,Garden,4,205.85,SUCCESS,SUCCESS
514,2,5,Taxable,Home,5,1378.85,SUCCESS,SUCCESS
520,2,31,Taxable,Sports,2,90.85,SUCCESS,SUCCESS
523,3,1,Taxable,Clothing,1,688.85,SUCCESS,SUCCESS
510,3,11,Taxable,Office,2,1033.85,FAILED,PARTIAL
510,3,15,Discounted,Office,4,292.272,SUCCESS,PARTIAL
510,3,23,Discounted,Garden,2,237.015,SUCCESS,PARTIAL
510,3,37,Discounted,Office,2,253.172,FAILED,PARTIAL
513,5,15,Discounted,Office,2,292.272,SUCCESS,SUCCESS
521,3,16,Discounted,Office,1,154.215,SUCCESS,SUCCESS
523,3,36,Discounted,Garden,4,79.948,SUCCESS,SUCCESS
515,4,30,Taxable,Garden,5,205.85,SUCCESS,SUCCESS
525,4,40,Taxable,Office,4,378.35,FAILED,FAILED
515,4,33,Discounted,Office,4,94.162,SUCCESS,SUCCESS
503,4,14,Discounted,Sports,1,464.715,SUCCESS,SUCCESS
511,2,5,Taxable,Home,4,1378.85,SUCCESS,SUCCESS
511,2,17,Discounted,Toys,2,555.588,SUCCESS,SUCCESS
511,2,31,Taxable,Sports,3,90.85,SUCCESS,SUCCESS
503,4,30,Taxable,Garden,1,205.85,SUCCESS,SUCCESS
522,2,3,Taxable,Beauty,5,918.85,SUCCESS,SUCCESS
522,2,12,Taxable,Electronics,2,1608.85,SUCCESS,SUCCESS
522,2,33,Discounted,Office,5,94.162,SUCCESS,SUCCESS
522,2,34,Discounted,Beauty,1,49.1625,SUCCESS,SUCCESS
526,3,24,Discounted,Garden,3,341.147,SUCCESS,PARTIAL
526,3,38,Discounted,Garden,2,412.965,FAILED,PARTIAL
526,3,40,Taxable,Office,4,378.35,FAILED,PARTIAL
549,3,31,Taxable,Sports,3,90.85,SUCCESS,SUCCESS
549,3,40,Taxable,Office,1,378.35,SUCCESS,SUCCESS
542,3,8,Taxable,Home,3,2873.85,FAILED,PARTIAL
542,3,19,Discounted,Automotive,4,168.222,SUCCESS,PARTIAL
542,3,20,Discounted,Toys,3,272.722,SUCCESS,PARTIAL
552,5,40,Taxable,Office,4,378.35,FAILED,FAILED
548,5,12,Taxable,Electronics,3,1608.85,SUCCESS,SUCCESS
541,2,13,Taxable,Books,5,861.35,SUCCESS,SUCCESS
544,4,4,Taxable,Sports,4,1148.85,FAILED,FAILED
534,2,39,Discounted,Home,3,305.762,SUCCESS,SUCCESS
550,2,30,Taxable,Garden,1,205.85,SUCCESS,SUCCESS
550,2,32,Discounted,Garden,2,64.4575,SUCCESS,SUCCESS
539,3,8,Taxable,Home,3,2873.85,FAILED,FAILED
548,5,18,Discounted,Garden,1,257.715,SUCCESS,SUCCESS
548,5,35,Standard,Perishables,1,69,SUCCESS,SUCCESS
547,4,38,Discounted,Garden,5,412.965,FAILED,FAILED
527,5,29,Taxable,Automotive,5,113.85,SUCCESS,SUCCESS
540,4,1,Taxable,Clothing,4,688.85,SUCCESS,PARTIAL
545,2,6,Taxable,Office,3,2643.85,FAILED,PARTIAL
532,4,32,Discounted,Garden,3,64.4575,SUCCESS,SUCCESS
546,5,5,Taxable,Home,4,1378.85,FAILED,PARTIAL
546,5,20,Discounted,Toys,4,272.722,SUCCESS,PARTIAL
546,5,38,Discounted,Garden,4,412.965,FAILED,PARTIAL
545,2,26,Discounted,Sports,5,205.965,SUCCESS,PARTIAL
530,2,40,Taxable,Office,4,378.35,FAILED,FAILED
545,2,37,Discounted,Office,4,253.172,FAILED,PARTIAL
531,4,3,Taxable,Beauty,5,918.85,SUCCESS,SUCCESS
529,3,3,Taxable,Beauty,4,918.85,SUCCESS,SUCCESS
538,5,6,Taxable,Office,2,2643.85,FAILED,PARTIAL
538,5,8,Taxable,Home,1,2873.85,SUCCESS,PARTIAL
538,5,31,Taxable,Sports,4,90.85,SUCCESS,PARTIAL
528,2,19,Discounted,Automotive,2,168.222,SUCCESS,SUCCESS
536,3,1,Taxable,Clothing,3,688.85,SUCCESS,SUCCESS
536,3,9,Taxable,Office,3,228.85,SUCCESS,SUCCESS
536,3,22,Discounted,Beauty,5,191.268,SUCCESS,SUCCESS
536,3,31,Taxable,Sports,1,90.85,SUCCESS,SUCCESS
540,4,6,Taxable,Office,4,2643.85,FAILED,PARTIAL
540,4,12,Taxable,Electronics,1,1608.85,SUCCESS,PARTIAL
540,4,37,Discounted,Office,2,253.172,FAILED,PARTIAL
535,4,13,Taxable,Books,4,861.35,SUCCESS,SUCCESS
535,4,18,Discounted,Garden,4,257.715,SUCCESS,SUCCESS
535,4,31,Taxable,Sports,4,90.85,SUCCESS,SUCCESS
543,5,20,Discounted,Toys,5,272.722,SUCCESS,SUCCESS
533,3,2,Taxable,Electronics,3,1723.85,SUCCESS,SUCCESS
537,4,30,Taxable,Garden,4,205.85,SUCCESS,SUCCESS
538,5,35,Standard,Perishables,2,69,SUCCESS,PARTIAL
578,5,11,Taxable,Office,2,1033.85,FAILED,FAILED
575,4,31,Taxable,Sports,5,90.85,SUCCESS,SUCCESS
576,5,10,Taxable,Beauty,3,573.85,SUCCESS,PARTIAL
576,5,11,Taxable,Office,3,1033.85,FAILED,PARTIAL
577,4,29,Taxable,Automotive,3,113.85,SUCCESS,SUCCESS
569,3,5,Taxable,Home,5,1378.85,FAILED,PARTIAL
569,3,9,Taxable,Office,3,228.85,SUCCESS,PARTIAL
569,3,36,Discounted,Garden,5,79.948,SUCCESS,PARTIAL
569,3,39,Discounted,Home,2,305.762,SUCCESS,PARTIAL
574,5,7,Taxable,Automotive,1,746.35,SUCCESS,PARTIAL
574,5,16,Discounted,Office,1,154.215,SUCCESS,PARTIAL
574,5,35,Standard,Perishables,3,69,SUCCESS,PARTIAL
574,5,37,Discounted,Office,4,253.172,FAILED,PARTIAL
567,4,4,Taxable,Sports,4,1148.85,FAILED,FAILED
568,3,3,Taxable,Beauty,4,918.85,SUCCESS,SUCCESS
568,3,23,Discounted,Garden,3,237.015,SUCCESS,SUCCESS
564,4,5,Taxable,Home,4,1378.85,FAILED,FAILED
561,5,28,Taxable,Beauty,5,125.35,SUCCESS,SUCCESS
568,3,29,Taxable,Automotive,3,113.85,SUCCESS,SUCCESS
573,5,24,Discounted,Garden,4,341.147,SUCCESS,SUCCESS
573,5,34,Discounted,Beauty,3,49.1625,SUCCESS,SUCCESS
561,5,31,Taxable,Sports,4,90.85,SUCCESS,SUCCESS
568,3,35,Standard,Perishables,3,69,SUCCESS,SUCCESS
565,4,6,Taxable,Office,5,2643.85,FAILED,FAILED
553,3,20,Discounted,Toys,4,272.722,SUCCESS,SUCCESS
556,5,32,Discounted,Garden,4,64.4575,SUCCESS,PARTIAL
558,2,4,Taxable,Sports,3,1148.85,FAILED,PARTIAL
555,2,27,Taxable,Automotive,2,148.35,SUCCESS,SUCCESS
556,5,38,Discounted,Garden,1,412.965,FAILED,PARTIAL
556,5,39,Discounted,Home,2,305.762,SUCCESS,PARTIAL
563,4,16,Discounted,Office,1,154.215,SUCCESS,SUCCESS
558,2,6,Taxable,Office,3,2643.85,FAILED,PARTIAL
558,2,8,Taxable,Home,1,2873.85,SUCCESS,PARTIAL
558,2,30,Taxable,Garden,2,205.85,SUCCESS,PARTIAL
566,4,22,Discounted,Beauty,1,191.268,SUCCESS,SUCCESS
551,4,8,Taxable,Home,5,2873.85,FAILED,PARTIAL
551,4,15,Discounted,Office,2,292.272,SUCCESS,PARTIAL
551,4,28,Taxable,Beauty,4,125.35,SUCCESS,PARTIAL
551,4,29,Taxable,Automotive,3,113.85,SUCCESS,PARTIAL
559,5,28,Taxable,Beauty,5,125.35,SUCCESS,SUCCESS
557,3,6,Taxable,Office,3,2643.85,FAILED,PARTIAL
557,3,20,Discounted,Toys,5,272.722,SUCCESS,PARTIAL
557,3,29,Taxable,Automotive,3,113.85,SUCCESS,PARTIAL
557,3,37,Discounted,Office,4,253.172,FAILED,PARTIAL
560,5,20,Discounted,Toys,4,272.722,SUCCESS,SUCCESS
560,5,21,Discounted,Books,2,412.965,SUCCESS,SUCCESS
560,5,29,Taxable,Automotive,2,113.85,SUCCESS,SUCCESS
560,5,30,Taxable,Garden,3,205.85,SUCCESS,SUCCESS
570,2,11,Taxable,Office,1,1033.85,FAILED,PARTIAL
562,5,29,Taxable,Automotive,4,113.85,SUCCESS,SUCCESS
570,2,16,Discounted,Office,1,154.215,SUCCESS,PARTIAL
562,5,34,Discounted,Beauty,3,49.1625,SUCCESS,SUCCESS
570,2,28,Taxable,Beauty,2,125.35,SUCCESS,PARTIAL
562,5,36,Discounted,Garden,1,79.948,SUCCESS,SUCCESS
554,5,32,Discounted,Garden,3,64.4575,SUCCESS,SUCCESS
600,3,6,Taxable,Office,1,2643.85,FAILED,PARTIAL
600,3,10,Taxable,Beauty,5,573.85,SUCCESS,PARTIAL
600,3,21,Discounted,Books,1,412.965,SUCCESS,PARTIAL
600,3,33,Discounted,Office,2,94.162,SUCCESS,PARTIAL
603,5,33,Discounted,Office,4,94.162,SUCCESS,SUCCESS
596,5,25,Discounted,Electronics,2,643.08,SUCCESS,SUCCESS
591,4,7,Taxable,Automotive,1,746.35,SUCCESS,SUCCESS
598,2,26,Discounted,Sports,5,205.965,SUCCESS,SUCCESS
597,3,33,Discounted,Office,1,94.162,SUCCESS,SUCCESS
590,3,9,Taxable,Office,1,228.85,SUCCESS,SUCCESS
590,3,18,Discounted,Garden,1,257.715,SUCCESS,SUCCESS
588,3,7,Taxable,Automotive,1,746.35,SUCCESS,SUCCESS
586,5,34,Discounted,Beauty,1,49.1625,SUCCESS,SUCCESS
589,2,38,Discounted,Garden,5,412.965,FAILED,FAILED
604,3,36,Discounted,Garden,4,79.948,SUCCESS,SUCCESS
579,4,22,Discounted,Beauty,5,191.268,SUCCESS,SUCCESS
581,2,31,Taxable,Sports,3,90.85,SUCCESS,SUCCESS
580,5,29,Taxable,Automotive,1,113.85,SUCCESS,SUCCESS
594,3,27,Taxable,Automotive,1,148.35,SUCCESS,SUCCESS
582,3,4,Taxable,Sports,3,1148.85,FAILED,FAILED
593,2,33,Discounted,Office,5,94.162,SUCCESS,SUCCESS
572,2,19,Discounted,Automotive,5,168.222,SUCCESS,SUCCESS
584,4,32,Discounted,Garden,4,64.4575,SUCCESS,SUCCESS
599,5,38,Discounted,Garden,2,412.965,FAILED,FAILED
592,5,29,Taxable,Automotive,1,113.85,SUCCESS,SUCCESS
585,4,13,Taxable,Books,1,861.35,SUCCESS,PARTIAL
585,4,28,Taxable,Beauty,3,125.35,SUCCESS,PARTIAL
585,4,31,Taxable,Sports,5,90.85,FAILED,PARTIAL
571,3,6,Taxable,Office,5,2643.85,FAILED,PARTIAL
571,3,12,Taxable,Electronics,3,1608.85,FAILED,PARTIAL
571,3,17,Discounted,Toys,2,555.588,SUCCESS,PARTIAL
571,3,29,Taxable,Automotive,4,113.85,SUCCESS,PARTIAL
601,2,38,Discounted,Garden,1,412.965,FAILED,FAILED
583,3,11,Taxable,Office,5,1033.85,FAILED,PARTIAL
583,3,21,Discounted,Books,5,412.965,SUCCESS,PARTIAL
583,3,30,Taxable,Garden,3,205.85,SUCCESS,PARTIAL
587,2,22,Discounted,Beauty,3,191.268,SUCCESS,SUCCESS
587,2,23,Discounted,Garden,5,237.015,SUCCESS,SUCCESS
633,3,20,Discounted,Toys,2,272.722,SUCCESS,SUCCESS
621,5,7,Taxable,Automotive,2,746.35,SUCCESS,SUCCESS
621,5,20,Discounted,Toys,4,272.722,SUCCESS,SUCCESS
621,5,33,Discounted,Office,2,94.162,SUCCESS,SUCCESS
623,3,24,Discounted,Garden,4,341.147,SUCCESS,PARTIAL
627,2,28,Taxable,Beauty,2,125.35,SUCCESS,SUCCESS
623,3,26,Discounted,Sports,3,205.965,SUCCESS,PARTIAL
627,2,34,Discounted,Beauty,3,49.1625,SUCCESS,SUCCESS
627,2,35,Standard,Perishables,2,69,SUCCESS,SUCCESS
620,5,15,Discounted,Office,5,292.272,SUCCESS,SUCCESS
623,3,31,Taxable,Sports,1,90.85,FAILED,PARTIAL
623,3,33,Discounted,Office,3,94.162,SUCCESS,PARTIAL
625,2,10,Taxable,Beauty,1,573.85,SUCCESS,SUCCESS
608,3,20,Discounted,Toys,5,272.722,SUCCESS,SUCCESS
619,2,22,Discounted,Beauty,2,191.268,SUCCESS,SUCCESS
622,3,16,Discounted,Office,3,154.215,SUCCESS,SUCCESS
631,3,27,Taxable,Automotive,2,148.35,SUCCESS,SUCCESS
624,2,1,Taxable,Clothing,1,688.85,SUCCESS,PARTIAL
624,2,9,Taxable,Office,4,228.85,SUCCESS,PARTIAL
622,3,21,Discounted,Books,2,412.965,SUCCESS,SUCCESS
616,2,6,Taxable,Office,3,2643.85,FAILED,FAILED
622,3,35,Standard,Perishables,3,69,SUCCESS,SUCCESS
626,2,27,Taxable,Automotive,1,148.35,SUCCESS,SUCCESS
624,2,33,Discounted,Office,1,94.162,SUCCESS,PARTIAL
615,2,17,Discounted,Toys,4,555.588,SUCCESS,PARTIAL
611,2,13,Taxable,Books,3,861.35,SUCCESS,PARTIAL
624,2,37,Discounted,Office,5,253.172,FAILED,PARTIAL
615,2,21,Discounted,Books,1,412.965,SUCCESS,PARTIAL
615,2,37,Discounted,Office,4,253.172,FAILED,PARTIAL
617,2,22,Discounted,Beauty,4,191.268,SUCCESS,PARTIAL
617,2,33,Discounted,Office,4,94.162,SUCCESS,PARTIAL
606,3,8,Taxable,Home,5,2873.85,FAILED,FAILED
614,2,40,Taxable,Office,4,378.35,FAILED,FAILED
602,2,5,Taxable,Home,1,1378.85,FAILED,PARTIAL
607,5,7,Taxable,Automotive,3,746.35,SUCCESS,SUCCESS
602,2,7,Taxable,Automotive,2,746.35,SUCCESS,PARTIAL
602,2,14,Discounted,Sports,5,464.715,SUCCESS,PARTIAL
602,2,25,Discounted,Electronics,4,643.08,SUCCESS,PARTIAL
611,2,27,Taxable,Automotive,1,148.35,SUCCESS,PARTIAL
617,2,36,Discounted,Garden,5,79.948,SUCCESS,PARTIAL
617,2,40,Taxable,Office,5,378.35,FAILED,PARTIAL
611,2,31,Taxable,Sports,4,90.85,FAILED,PARTIAL
612,2,28,Taxable,Beauty,1,125.35,SUCCESS,SUCCESS
613,2,27,Taxable,Automotive,1,148.35,SUCCESS,SUCCESS
618,5,19,Discounted,Automotive,2,168.222,SUCCESS,SUCCESS
618,5,21,Discounted,Books,1,412.965,SUCCESS,SUCCESS
628,4,33,Discounted,Office,5,94.162,SUCCESS,SUCCESS
610,2,35,Standard,Perishables,4,69,SUCCESS,SUCCESS
595,4,35,Standard,Perishables,5,69,SUCCESS,SUCCESS
609,4,4,Taxable,Sports,5,1148.85,FAILED,PARTIAL
605,3,39,Discounted,Home,5,305.762,SUCCESS,SUCCESS
609,4,11,Taxable,Office,3,1033.85,FAILED,PARTIAL
609,4,34,Discounted,Beauty,3,49.1625,SUCCESS,PARTIAL
659,4,30,Taxable,Garden,4,205.85,SUCCESS,SUCCESS
657,5,4,Taxable,Sports,5,1148.85,FAILED,FAILED
654,3,14,Discounted,Sports,2,464.715,SUCCESS,SUCCESS
652,5,29,Taxable,Automotive,5,113.85,SUCCESS,SUCCESS
630,2,9,Taxable,Office,3,228.85,SUCCESS,SUCCESS
653,4,14,Discounted,Sports,3,464.715,SUCCESS,SUCCESS
642,5,3,Taxable,Beauty,5,918.85,SUCCESS,SUCCESS
642,5,29,Taxable,Automotive,3,113.85,SUCCESS,SUCCESS
649,5,35,Standard,Perishables,5,69,SUCCESS,SUCCESS
646,4,2,Taxable,Electronics,4,1723.85,SUCCESS,PARTIAL
638,4,30,Taxable,Garden,2,205.85,SUCCESS,SUCCESS
640,4,3,Taxable,Beauty,5,918.85,SUCCESS,SUCCESS
640,4,22,Discounted,Beauty,2,191.268,SUCCESS,SUCCESS
634,3,10,Taxable,Beauty,3,573.85,SUCCESS,PARTIAL
634,3,20,Discounted,Toys,3,272.722,SUCCESS,PARTIAL
641,5,4,Taxable,Sports,2,1148.85,FAILED,PARTIAL
629,4,11,Taxable,Office,1,1033.85,FAILED,PARTIAL
629,4,23,Discounted,Garden,1,237.015,SUCCESS,PARTIAL
629,4,31,Taxable,Sports,3,90.85,FAILED,PARTIAL
629,4,34,Discounted,Beauty,2,49.1625,SUCCESS,PARTIAL
640,4,23,Discounted,Garden,4,237.015,SUCCESS,SUCCESS
640,4,39,Discounted,Home,4,305.762,SUCCESS,SUCCESS
644,3,13,Taxable,Books,3,861.35,SUCCESS,SUCCESS
656,5,37,Discounted,Office,4,253.172,FAILED,FAILED
644,3,15,Discounted,Office,4,292.272,SUCCESS,SUCCESS
643,3,6,Taxable,Office,1,2643.85,FAILED,PARTIAL
639,3,13,Taxable,Books,5,861.35,SUCCESS,PARTIAL
650,5,31,Taxable,Sports,4,90.85,FAILED,FAILED
639,3,24,Discounted,Garden,1,341.147,SUCCESS,PARTIAL
639,3,31,Taxable,Sports,2,90.85,FAILED,PARTIAL
637,3,8,Taxable,Home,3,2873.85,FAILED,FAILED
646,4,31,Taxable,Sports,3,90.85,FAILED,PARTIAL
645,4,26,Discounted,Sports,4,205.965,SUCCESS,SUCCESS
647,2,24,Discounted,Garden,5,341.147,SUCCESS,PARTIAL
646,4,38,Discounted,Garden,5,412.965,FAILED,PARTIAL
647,2,31,Taxable,Sports,4,90.85,FAILED,PARTIAL
647,2,39,Discounted,Home,4,305.762,SUCCESS,PARTIAL
647,2,40,Taxable,Office,3,378.35,FAILED,PARTIAL
641,5,13,Taxable,Books,4,861.35,SUCCESS,PARTIAL
636,4,36,Discounted,Garden,4,79.948,FAILED,FAILED
635,5,39,Discounted,Home,4,305.762,SUCCESS,SUCCESS
648,5,37,Discounted,Office,3,253.172,FAILED,FAILED
632,5,37,Discounted,Office,5,253.172,FAILED,FAILED
643,3,21,Discounted,Books,2,412.965,SUCCESS,PARTIAL
634,3,33,Discounted,Office,5,94.162,SUCCESS,PARTIAL
634,3,38,Discounted,Garden,3,412.965,FAILED,PARTIAL
685,4,11,Taxable,Office,3,1033.85,FAILED,PARTIAL
685,4,22,Discounted,Beauty,4,191.268,SUCCESS,PARTIAL
683,3,32,Discounted,Garden,5,64.4575,SUCCESS,SUCCESS
680,4,1,Taxable,Clothing,2,688.85,SUCCESS,PARTIAL
685,4,31,Taxable,Sports,4,90.85,FAILED,PARTIAL
685,4,37,Discounted,Office,1,253.172,FAILED,PARTIAL
679,5,10,Taxable,Beauty,5,573.85,SUCCESS,PARTIAL
681,3,32,Discounted,Garden,3,64.4575,SUCCESS,SUCCESS
678,5,21,Discounted,Books,5,412.965,SUCCESS,PARTIAL
680,4,4,Taxable,Sports,5,1148.85,FAILED,PARTIAL
676,3,32,Discounted,Garden,1,64.4575,SUCCESS,SUCCESS
675,4,1,Taxable,Clothing,1,688.85,SUCCESS,PARTIAL
673,5,29,Taxable,Automotive,3,113.85,SUCCESS,SUCCESS
667,2,4,Taxable,Sports,3,1148.85,FAILED,PARTIAL
679,5,25,Discounted,Electronics,5,643.08,FAILED,PARTIAL
686,3,12,Taxable,Electronics,3,1608.85,FAILED,FAILED
661,4,14,Discounted,Sports,2,464.715,SUCCESS,SUCCESS
666,3,5,Taxable,Home,2,1378.85,FAILED,PARTIAL
679,5,32,Discounted,Garden,3,64.4575,SUCCESS,PARTIAL
668,3,10,Taxable,Beauty,1,573.85,SUCCESS,SUCCESS
668,3,20,Discounted,Toys,2,272.722,SUCCESS,SUCCESS
670,3,7,Taxable,Automotive,2,746.35,SUCCESS,PARTIAL
672,3,38,Discounted,Garden,1,412.965,FAILED,PARTIAL
666,3,27,Taxable,Automotive,3,148.35,SUCCESS,PARTIAL
666,3,33,Discounted,Office,4,94.162,SUCCESS,PARTIAL
671,5,5,Taxable,Home,1,1378.85,FAILED,FAILED
675,4,4,Taxable,Sports,4,1148.85,FAILED,PARTIAL
664,3,4,Taxable,Sports,4,1148.85,FAILED,PARTIAL
664,3,32,Discounted,Garden,2,64.4575,SUCCESS,PARTIAL
658,5,9,Taxable,Office,2,228.85,SUCCESS,SUCCESS
658,5,13,Taxable,Books,1,861.35,SUCCESS,SUCCESS
658,5,15,Discounted,Office,5,292.272,SUCCESS,SUCCESS
658,5,25,Discounted,Electronics,1,643.08,SUCCESS,SUCCESS
674,3,6,Taxable,Office,5,2643.85,FAILED,PARTIAL
682,5,4,Taxable,Sports,2,1148.85,FAILED,PARTIAL
682,5,32,Discounted,Garden,1,64.4575,SUCCESS,PARTIAL
682,5,35,Standard,Perishables,4,69,SUCCESS,PARTIAL
680,4,30,Taxable,Garden,1,205.85,SUCCESS,PARTIAL
674,3,10,Taxable,Beauty,3,573.85,SUCCESS,PARTIAL
684,3,14,Discounted,Sports,5,464.715,SUCCESS,SUCCESS
672,3,40,Taxable,Office,1,378.35,SUCCESS,PARTIAL
680,4,39,Discounted,Home,1,305.762,SUCCESS,PARTIAL
684,3,22,Discounted,Beauty,2,191.268,SUCCESS,SUCCESS
684,3,27,Taxable,Automotive,5,148.35,SUCCESS,SUCCESS
684,3,36,Discounted,Garden,1,79.948,SUCCESS,SUCCESS
670,3,31,Taxable,Sports,1,90.85,FAILED,PARTIAL
662,5,35,Standard,Perishables,3,69,SUCCESS,SUCCESS
669,3,5,Taxable,Home,2,1378.85,FAILED,FAILED
667,2,36,Discounted,Garden,1,79.948,SUCCESS,PARTIAL
660,4,32,Discounted,Garden,5,64.4575,SUCCESS,SUCCESS
667,2,38,Discounted,Garden,2,412.965,FAILED,PARTIAL
678,5,33,Discounted,Office,5,94.162,SUCCESS,PARTIAL
663,3,17,Discounted,Toys,4,555.588,SUCCESS,SUCCESS
678,5,35,Standard,Perishables,5,69,SUCCESS,PARTIAL
678,5,40,Taxable,Office,5,378.35,FAILED,PARTIAL
655,3,8,Taxable,Home,4,2873.85,FAILED,FAILED
655,3,11,Taxable,Office,1,1033.85,FAILED,FAILED
655,3,37,Discounted,Office,1,253.172,FAILED,FAILED
651,2,6,Taxable,Office,5,2643.85,FAILED,PARTIAL
651,2,10,Taxable,Beauty,4,573.85,SUCCESS,PARTIAL
651,2,36,Discounted,Garden,1,79.948,SUCCESS,PARTIAL
665,2,27,Taxable,Automotive,2,148.35,SUCCESS,SUCCESS
715,4,5,Taxable,Home,5,1378.85,FAILED,PARTIAL
715,4,32,Discounted,Garden,1,64.4575,SUCCESS,PARTIAL
715,4,38,Discounted,Garden,1,412.965,FAILED,PARTIAL
706,4,30,Taxable,Garden,1,205.85,SUCCESS,SUCCESS
713,5,40,Taxable,Office,5,378.35,FAILED,FAILED
707,5,24,Discounted,Garden,4,341.147,FAILED,FAILED
712,5,25,Discounted,Electronics,4,643.08,FAILED,FAILED
708,3,35,Standard,Perishables,3,69,SUCCESS,SUCCESS
701,2,14,Discounted,Sports,4,464.715,SUCCESS,SUCCESS
701,2,27,Taxable,Automotive,4,148.35,SUCCESS,SUCCESS
701,2,39,Discounted,Home,4,305.762,SUCCESS,SUCCESS
705,4,40,Taxable,Office,2,378.35,FAILED,FAILED
702,3,11,Taxable,Office,3,1033.85,FAILED,FAILED
697,4,11,Taxable,Office,2,1033.85,FAILED,FAILED
703,5,25,Discounted,Electronics,4,643.08,FAILED,FAILED
697,4,40,Taxable,Office,3,378.35,FAILED,FAILED
698,2,1,Taxable,Clothing,5,688.85,SUCCESS,SUCCESS
698,2,33,Discounted,Office,5,94.162,SUCCESS,SUCCESS
711,5,32,Discounted,Garden,4,64.4575,SUCCESS,SUCCESS
688,5,4,Taxable,Sports,5,1148.85,FAILED,FAILED
704,3,22,Discounted,Beauty,4,191.268,SUCCESS,PARTIAL
704,3,30,Taxable,Garden,3,205.85,SUCCESS,PARTIAL
704,3,35,Standard,Perishables,5,69,SUCCESS,PARTIAL
704,3,38,Discounted,Garden,3,412.965,FAILED,PARTIAL
699,3,4,Taxable,Sports,5,1148.85,FAILED,PARTIAL
699,3,9,Taxable,Office,4,228.85,SUCCESS,PARTIAL
699,3,23,Discounted,Garden,4,237.015,SUCCESS,PARTIAL
699,3,37,Discounted,Office,5,253.172,FAILED,PARTIAL
695,2,13,Taxable,Books,3,861.35,SUCCESS,SUCCESS
694,4,11,Taxable,Office,1,1033.85,FAILED,FAILED
709,3,35,Standard,Perishables,1,69,SUCCESS,SUCCESS
691,3,33,Discounted,Office,2,94.162,SUCCESS,SUCCESS
677,2,9,Taxable,Office,1,228.85,SUCCESS,PARTIAL
677,2,28,Taxable,Beauty,3,125.35,SUCCESS,PARTIAL
677,2,31,Taxable,Sports,3,90.85,FAILED,PARTIAL
677,2,35,Standard,Perishables,2,69,SUCCESS,PARTIAL
693,3,19,Discounted,Automotive,3,168.222,SUCCESS,SUCCESS
696,2,4,Taxable,Sports,2,1148.85,FAILED,PARTIAL
696,2,24,Discounted,Garden,3,341.147,SUCCESS,PARTIAL
696,2,25,Discounted,Electronics,4,643.08,FAILED,PARTIAL
696,2,40,Taxable,Office,3,378.35,FAILED,PARTIAL
689,3,34,Discounted,Beauty,3,49.1625,SUCCESS,PARTIAL
687,3,1,Taxable,Clothing,5,688.85,SUCCESS,SUCCESS
689,3,36,Discounted,Garden,2,79.948,FAILED,PARTIAL
692,2,31,Taxable,Sports,4,90.85,FAILED,FAILED
700,2,12,Taxable,Electronics,2,1608.85,FAILED,FAILED
692,2,38,Discounted,Garden,2,412.965,FAILED,FAILED
690,3,35,Standard,Perishables,2,69,SUCCESS,SUCCESS
744,2,1,Taxable,Clothing,3,688.85,SUCCESS,SUCCESS
742,4,10,Taxable,Beauty,4,573.85,SUCCESS,SUCCESS
740,4,23,Discounted,Garden,4,237.015,SUCCESS,SUCCESS
738,3,1,Taxable,Clothing,1,688.85,SUCCESS,SUCCESS
737,4,27,Taxable,Automotive,3,148.35,SUCCESS,PARTIAL
737,4,30,Taxable,Garden,1,205.85,SUCCESS,PARTIAL
737,4,40,Taxable,Office,4,378.35,FAILED,PARTIAL
736,3,16,Discounted,Office,4,154.215,SUCCESS,SUCCESS
734,3,35,Standard,Perishables,3,69,SUCCESS,SUCCESS
735,3,27,Taxable,Automotive,4,148.35,SUCCESS,SUCCESS
721,4,16,Discounted,Office,3,154.215,SUCCESS,PARTIAL
731,2,1,Taxable,Clothing,5,688.85,SUCCESS,SUCCESS
732,3,38,Discounted,Garden,5,412.965,FAILED,FAILED
727,5,28,Taxable,Beauty,4,125.35,SUCCESS,SUCCESS
733,3,36,Discounted,Garden,4,79.948,FAILED,FAILED
729,3,25,Discounted,Electronics,5,643.08,FAILED,PARTIAL
726,2,6,Taxable,Office,2,2643.85,FAILED,FAILED
714,5,31,Taxable,Sports,4,90.85,FAILED,FAILED
723,3,33,Discounted,Office,5,94.162,SUCCESS,SUCCESS
725,5,39,Discounted,Home,3,305.762,SUCCESS,SUCCESS
739,3,1,Taxable,Clothing,2,688.85,SUCCESS,SUCCESS
743,4,1,Taxable,Clothing,4,688.85,SUCCESS,SUCCESS
743,4,14,Discounted,Sports,2,464.715,SUCCESS,SUCCESS
743,4,15,Discounted,Office,1,292.272,SUCCESS,SUCCESS
743,4,39,Discounted,Home,1,305.762,SUCCESS,SUCCESS
729,3,27,Taxable,Automotive,5,148.35,SUCCESS,PARTIAL
729,3,34,Discounted,Beauty,2,49.1625,SUCCESS,PARTIAL
741,4,2,Taxable,Electronics,1,1723.85,SUCCESS,SUCCESS
728,2,17,Discounted,Toys,5,555.588,FAILED,FAILED
728,2,25,Discounted,Electronics,5,643.08,FAILED,FAILED
710,3,4,Taxable,Sports,2,1148.85,FAILED,FAILED
724,2,39,Discounted,Home,1,305.762,SUCCESS,SUCCESS
722,3,27,Taxable,Automotive,5,148.35,SUCCESS,SUCCESS
721,4,18,Discounted,Garden,3,257.715,SUCCESS,PARTIAL
721,4,31,Taxable,Sports,5,90.85,FAILED,PARTIAL
721,4,39,Discounted,Home,1,305.762,SUCCESS,PARTIAL
719,4,27,Taxable,Automotive,1,148.35,SUCCESS,SUCCESS
718,4,1,Taxable,Clothing,4,688.85,SUCCESS,SUCCESS
718,4,7,Taxable,Automotive,4,746.35,SUCCESS,SUCCESS
718,4,14,Discounted,Sports,4,464.715,SUCCESS,SUCCESS
718,4,18,Discounted,Garden,4,257.715,SUCCESS,SUCCESS
717,4,1,Taxable,Clothing,4,688.85,SUCCESS,SUCCESS
716,2,24,Discounted,Garden,1,341.147,SUCCESS,PARTIAL
716,2,27,Taxable,Automotive,1,148.35,SUCCESS,PARTIAL
716,2,38,Discounted,Garden,5,412.965,FAILED,PARTIAL
720,3,8,Taxable,Home,2,2873.85,FAILED,FAILED
769,5,2,Taxable,Electronics,2,1723.85,FAILED,PARTIAL
774,4,27,Taxable,Automotive,2,148.35,SUCCESS,PARTIAL
766,4,3,Taxable,Beauty,2,918.85,SUCCESS,SUCCESS
764,5,33,Discounted,Office,4,94.162,SUCCESS,SUCCESS
762,3,4,Taxable,Sports,2,1148.85,FAILED,PARTIAL
762,3,25,Discounted,Electronics,4,643.08,FAILED,PARTIAL
762,3,28,Taxable,Beauty,3,125.35,SUCCESS,PARTIAL
760,4,5,Taxable,Home,5,1378.85,FAILED,FAILED
771,3,28,Taxable,Beauty,3,125.35,SUCCESS,SUCCESS
745,3,1,Taxable,Clothing,2,688.85,SUCCESS,SUCCESS
763,5,6,Taxable,Office,2,2643.85,FAILED,FAILED
758,2,4,Taxable,Sports,3,1148.85,FAILED,PARTIAL
758,2,30,Taxable,Garden,1,205.85,SUCCESS,PARTIAL
758,2,36,Discounted,Garden,5,79.948,FAILED,PARTIAL
749,2,8,Taxable,Home,5,2873.85,FAILED,FAILED
755,5,15,Discounted,Office,5,292.272,SUCCESS,PARTIAL
770,4,36,Discounted,Garden,2,79.948,FAILED,FAILED
751,5,6,Taxable,Office,5,2643.85,FAILED,FAILED
754,4,35,Standard,Perishables,1,69,SUCCESS,SUCCESS
755,5,19,Discounted,Automotive,3,168.222,SUCCESS,PARTIAL
755,5,28,Taxable,Beauty,4,125.35,SUCCESS,PARTIAL
757,2,4,Taxable,Sports,4,1148.85,FAILED,FAILED
755,5,37,Discounted,Office,4,253.172,FAILED,PARTIAL
730,5,5,Taxable,Home,3,1378.85,FAILED,PARTIAL
746,2,1,Taxable,Clothing,4,688.85,SUCCESS,SUCCESS
759,2,10,Taxable,Beauty,5,573.85,SUCCESS,SUCCESS
768,4,14,Discounted,Sports,5,464.715,SUCCESS,SUCCESS
756,4,36,Discounted,Garden,1,79.948,FAILED,FAILED
730,5,13,Taxable,Books,3,861.35,SUCCESS,PARTIAL
730,5,26,Discounted,Sports,3,205.965,SUCCESS,PARTIAL
765,3,11,Taxable,Office,5,1033.85,FAILED,PARTIAL
774,4,31,Taxable,Sports,4,90.85,FAILED,PARTIAL
772,4,7,Taxable,Automotive,1,746.35,SUCCESS,SUCCESS
753,5,37,Discounted,Office,2,253.172,FAILED,FAILED
747,4,22,Discounted,Beauty,5,191.268,SUCCESS,SUCCESS
748,2,5,Taxable,Home,1,1378.85,FAILED,FAILED
765,3,13,Taxable,Books,2,861.35,SUCCESS,PARTIAL
765,3,28,Taxable,Beauty,1,125.35,SUCCESS,PARTIAL
769,5,15,Discounted,Office,1,292.272,SUCCESS,PARTIAL
769,5,17,Discounted,Toys,4,555.588,FAILED,PARTIAL
769,5,37,Discounted,Office,3,253.172,FAILED,PARTIAL
750,4,1,Taxable,Clothing,2,688.85,SUCCESS,PARTIAL
750,4,24,Discounted,Garden,2,341.147,FAILED,PARTIAL
750,4,29,Taxable,Automotive,2,113.85,SUCCESS,PARTIAL
750,4,38,Discounted,Garden,1,412.965,FAILED,PARTIAL
767,3,7,Taxable,Automotive,5,746.35,SUCCESS,SUCCESS
752,2,17,Discounted,Toys,2,555.588,SUCCESS,SUCCESS
752,2,19,Discounted,Automotive,3,168.222,SUCCESS,SUCCESS
752,2,27,Taxable,Automotive,1,148.35,SUCCESS,SUCCESS
798,2,1,Taxable,Clothing,2,688.85,SUCCESS,SUCCESS
803,4,9,Taxable,Office,3,228.85,SUCCESS,SUCCESS
801,3,14,Discounted,Sports,5,464.715,SUCCESS,SUCCESS
793,4,2,Taxable,Electronics,2,1723.85,FAILED,PARTIAL
793,4,33,Discounted,Office,5,94.162,FAILED,PARTIAL
793,4,35,Standard,Perishables,1,69,SUCCESS,PARTIAL
802,3,29,Taxable,Automotive,4,113.85,SUCCESS,PARTIAL
795,3,4,Taxable,Sports,3,1148.85,FAILED,PARTIAL
795,3,14,Discounted,Sports,4,464.715,SUCCESS,PARTIAL
795,3,34,Discounted,Beauty,4,49.1625,SUCCESS,PARTIAL
795,3,38,Discounted,Garden,3,412.965,FAILED,PARTIAL
802,3,30,Taxable,Garden,1,205.85,SUCCESS,PARTIAL
802,3,31,Taxable,Sports,5,90.85,FAILED,PARTIAL
789,4,8,Taxable,Home,4,2873.85,FAILED,PARTIAL
789,4,12,Taxable,Electronics,4,1608.85,FAILED,PARTIAL
789,4,31,Taxable,Sports,2,90.85,FAILED,PARTIAL
789,4,34,Discounted,Beauty,2,49.1625,SUCCESS,PARTIAL
800,4,5,Taxable,Home,4,1378.85,FAILED,FAILED
800,4,37,Discounted,Office,5,253.172,FAILED,FAILED
802,3,40,Taxable,Office,5,378.35,FAILED,PARTIAL
780,4,31,Taxable,Sports,4,90.85,FAILED,FAILED
792,3,33,Discounted,Office,4,94.162,SUCCESS,SUCCESS
776,3,3,Taxable,Beauty,5,918.85,SUCCESS,PARTIAL
776,3,7,Taxable,Automotive,4,746.35,FAILED,PARTIAL
777,4,6,Taxable,Office,5,2643.85,FAILED,FAILED
776,3,9,Taxable,Office,5,228.85,SUCCESS,PARTIAL
781,2,30,Taxable,Garden,2,205.85,FAILED,FAILED
776,3,24,Discounted,Garden,4,341.147,FAILED,PARTIAL
797,3,9,Taxable,Office,3,228.85,SUCCESS,SUCCESS
794,3,18,Discounted,Garden,5,257.715,SUCCESS,SUCCESS
761,2,38,Discounted,Garden,3,412.965,FAILED,FAILED
785,4,10,Taxable,Beauty,2,573.85,SUCCESS,SUCCESS
778,4,1,Taxable,Clothing,5,688.85,SUCCESS,SUCCESS
778,4,4,Taxable,Sports,1,1148.85,SUCCESS,SUCCESS
779,3,20,Discounted,Toys,4,272.722,FAILED,FAILED
786,4,28,Taxable,Beauty,4,125.35,SUCCESS,SUCCESS
782,5,30,Taxable,Garden,1,205.85,SUCCESS,SUCCESS
784,4,6,Taxable,Office,3,2643.85,FAILED,FAILED
796,3,7,Taxable,Automotive,4,746.35,FAILED,PARTIAL
796,3,15,Discounted,Office,5,292.272,SUCCESS,PARTIAL
796,3,35,Standard,Perishables,2,69,SUCCESS,PARTIAL
773,3,15,Discounted,Office,2,292.272,SUCCESS,PARTIAL
773,3,19,Discounted,Automotive,1,168.222,SUCCESS,PARTIAL
773,3,35,Standard,Perishables,5,69,SUCCESS,PARTIAL
773,3,37,Discounted,Office,4,253.172,FAILED,PARTIAL
788,4,8,Taxable,Home,1,2873.85,FAILED,FAILED
790,3,11,Taxable,Office,4,1033.85,FAILED,PARTIAL
787,4,29,Taxable,Automotive,3,113.85,SUCCESS,SUCCESS
790,3,27,Taxable,Automotive,5,148.35,SUCCESS,PARTIAL
790,3,33,Discounted,Office,4,94.162,SUCCESS,PARTIAL
791,4,3,Taxable,Beauty,3,918.85,FAILED,FAILED
775,5,29,Taxable,Automotive,3,113.85,SUCCESS,SUCCESS
799,3,35,Standard,Perishables,3,69,FAILED,PARTIAL
799,3,37,Discounted,Office,1,253.172,FAILED,PARTIAL
799,3,38,Discounted,Garden,3,412.965,FAILED,PARTIAL
799,3,39,Discounted,Home,1,305.762,SUCCESS,PARTIAL
788,4,40,Taxable,Office,5,378.35,FAILED,FAILED
806,2,38,Discounted,Garden,3,412.965,FAILED,FAILED
807,2,27,Taxable,Automotive,2,148.35,SUCCESS,PARTIAL
807,2,31,Taxable,Sports,4,90.85,FAILED,PARTIAL
815,5,8,Taxable,Home,4,2873.85,FAILED,PARTIAL
814,5,8,Taxable,Home,2,2873.85,FAILED,FAILED
815,5,32,Discounted,Garden,1,64.4575,SUCCESS,PARTIAL
810,5,35,Standard,Perishables,5,69,FAILED,FAILED
815,5,39,Discounted,Home,3,305.762,SUCCESS,PARTIAL
811,5,29,Taxable,Automotive,4,113.85,SUCCESS,SUCCESS
783,5,5,Taxable,Home,3,1378.85,FAILED,PARTIAL
783,5,8,Taxable,Home,5,2873.85,FAILED,PARTIAL
812,5,36,Discounted,Garden,1,79.948,FAILED,FAILED
813,5,13,Taxable,Books,1,861.35,SUCCESS,PARTIAL
783,5,23,Discounted,Garden,2,237.015,SUCCESS,PARTIAL
783,5,37,Discounted,Office,1,253.172,FAILED,PARTIAL
814,5,12,Taxable,Electronics,1,1608.85,FAILED,FAILED
813,5,36,Discounted,Garden,3,79.948,FAILED,PARTIAL
805,3,29,Taxable,Automotive,4,113.85,SUCCESS,SUCCESS
805,3,34,Discounted,Beauty,1,49.1625,SUCCESS,SUCCESS
804,4,4,Taxable,Sports,2,1148.85,FAILED,FAILED
804,4,33,Discounted,Office,4,94.162,FAILED,FAILED
823,5,9,Taxable,Office,2,228.85,SUCCESS,SUCCESS
826,4,38,Discounted,Garden,5,412.965,FAILED,FAILED
825,4,9,Taxable,Office,3,228.85,SUCCESS,SUCCESS
828,3,36,Discounted,Garden,1,79.948,FAILED,FAILED
821,4,6,Taxable,Office,3,2643.85,FAILED,PARTIAL
821,4,17,Discounted,Toys,3,555.588,FAILED,PARTIAL
827,4,4,Taxable,Sports,5,1148.85,FAILED,FAILED
809,3,3,Taxable,Beauty,3,918.85,FAILED,FAILED
822,5,13,Taxable,Books,4,861.35,SUCCESS,SUCCESS
824,4,3,Taxable,Beauty,4,918.85,FAILED,FAILED
830,3,4,Taxable,Sports,5,1148.85,FAILED,PARTIAL
831,5,27,Taxable,Automotive,1,148.35,SUCCESS,SUCCESS
830,3,23,Discounted,Garden,5,237.015,SUCCESS,PARTIAL
830,3,28,Taxable,Beauty,4,125.35,SUCCESS,PARTIAL
830,3,38,Discounted,Garden,2,412.965,FAILED,PARTIAL
831,5,39,Discounted,Home,1,305.762,SUCCESS,SUCCESS
821,4,22,Discounted,Beauty,2,191.268,SUCCESS,PARTIAL
820,5,31,Taxable,Sports,2,90.85,FAILED,FAILED
824,4,6,Taxable,Office,4,2643.85,FAILED,FAILED
832,3,2,Taxable,Electronics,5,1723.85,FAILED,FAILED
808,4,22,Discounted,Beauty,4,191.268,SUCCESS,SUCCESS
816,2,24,Discounted,Garden,3,341.147,FAILED,FAILED
817,5,3,Taxable,Beauty,5,918.85,FAILED,PARTIAL
817,5,37,Discounted,Office,5,253.172,FAILED,PARTIAL
819,5,3,Taxable,Beauty,4,918.85,FAILED,PARTIAL
819,5,19,Discounted,Automotive,1,168.222,SUCCESS,PARTIAL
819,5,22,Discounted,Beauty,2,191.268,SUCCESS,PARTIAL
819,5,23,Discounted,Garden,3,237.015,SUCCESS,PARTIAL
817,5,39,Discounted,Home,2,305.762,SUCCESS,PARTIAL
835,5,15,Discounted,Office,5,292.272,SUCCESS,PARTIAL
835,5,17,Discounted,Toys,5,555.588,FAILED,PARTIAL
835,5,36,Discounted,Garden,2,79.948,FAILED,PARTIAL
858,5,12,Taxable,Electronics,3,1608.85,FAILED,FAILED
838,4,2,Taxable,Electronics,5,1723.85,FAILED,FAILED
851,4,16,Discounted,Office,5,154.215,SUCCESS,SUCCESS
839,4,4,Taxable,Sports,2,1148.85,FAILED,PARTIAL
839,4,19,Discounted,Automotive,3,168.222,SUCCESS,PARTIAL
839,4,31,Taxable,Sports,3,90.85,FAILED,PARTIAL
839,4,33,Discounted,Office,2,94.162,SUCCESS,PARTIAL
853,3,21,Discounted,Books,2,412.965,SUCCESS,SUCCESS
818,2,28,Taxable,Beauty,1,125.35,SUCCESS,PARTIAL
818,2,29,Taxable,Automotive,3,113.85,SUCCESS,PARTIAL
818,2,40,Taxable,Office,3,378.35,FAILED,PARTIAL
852,3,7,Taxable,Automotive,3,746.35,FAILED,FAILED
849,3,37,Discounted,Office,2,253.172,FAILED,FAILED
848,4,25,Discounted,Electronics,3,643.08,SUCCESS,SUCCESS
850,4,17,Discounted,Toys,4,555.588,FAILED,FAILED
854,3,9,Taxable,Office,3,228.85,SUCCESS,PARTIAL
854,3,31,Taxable,Sports,2,90.85,FAILED,PARTIAL
834,5,12,Taxable,Electronics,2,1608.85,FAILED,FAILED
833,3,10,Taxable,Beauty,1,573.85,SUCCESS,SUCCESS
829,4,28,Taxable,Beauty,4,125.35,SUCCESS,SUCCESS
833,3,15,Discounted,Office,5,292.272,SUCCESS,SUCCESS
833,3,29,Taxable,Automotive,3,113.85,SUCCESS,SUCCESS
862,4,30,Taxable,Garden,2,205.85,FAILED,FAILED
862,4,33,Discounted,Office,2,94.162,FAILED,FAILED
862,4,37,Discounted,Office,3,253.172,FAILED,FAILED
836,4,9,Taxable,Office,4,228.85,SUCCESS,PARTIAL
836,4,37,Discounted,Office,4,253.172,FAILED,PARTIAL
836,4,38,Discounted,Garden,1,412.965,FAILED,PARTIAL
836,4,39,Discounted,Home,1,305.762,FAILED,PARTIAL
860,5,6,Taxable,Office,1,2643.85,FAILED,PARTIAL
842,4,8,Taxable,Home,3,2873.85,FAILED,FAILED
843,4,36,Discounted,Garden,1,79.948,FAILED,FAILED
859,4,32,Discounted,Garden,2,64.4575,SUCCESS,SUCCESS
860,5,29,Taxable,Automotive,2,113.85,SUCCESS,PARTIAL
860,5,38,Discounted,Garden,1,412.965,FAILED,PARTIAL
844,3,37,Discounted,Office,1,253.172,FAILED,FAILED
857,5,37,Discounted,Office,3,253.172,FAILED,FAILED
856,5,37,Discounted,Office,2,253.172,FAILED,FAILED
846,3,10,Taxable,Beauty,3,573.85,SUCCESS,SUCCESS
837,5,3,Taxable,Beauty,1,918.85,SUCCESS,PARTIAL
837,5,4,Taxable,Sports,2,1148.85,FAILED,PARTIAL
845,4,11,Taxable,Office,1,1033.85,FAILED,PARTIAL
845,4,20,Discounted,Toys,2,272.722,FAILED,PARTIAL
845,4,27,Taxable,Automotive,3,148.35,SUCCESS,PARTIAL
845,4,39,Discounted,Home,5,305.762,FAILED,PARTIAL
863,4,3,Taxable,Beauty,5,918.85,FAILED,PARTIAL
863,4,17,Discounted,Toys,5,555.588,FAILED,PARTIAL
863,4,21,Discounted,Books,1,412.965,SUCCESS,PARTIAL
841,4,40,Taxable,Office,4,378.35,FAILED,FAILED
840,4,7,Taxable,Automotive,5,746.35,FAILED,FAILED
840,4,30,Taxable,Garden,4,205.85,FAILED,FAILED
847,3,4,Taxable,Sports,4,1148.85,FAILED,FAILED
864,4,31,Taxable,Sports,5,90.85,FAILED,FAILED
866,4,29,Taxable,Automotive,1,113.85,FAILED,FAILED
868,4,26,Discounted,Sports,1,205.965,SUCCESS,SUCCESS
865,3,38,Discounted,Garden,4,412.965,FAILED,FAILED
855,2,24,Discounted,Garden,3,341.147,FAILED,FAILED
869,4,1,Taxable,Clothing,5,688.85,SUCCESS,PARTIAL
869,4,8,Taxable,Home,3,2873.85,FAILED,PARTIAL
869,4,19,Discounted,Automotive,1,168.222,SUCCESS,PARTIAL
869,4,33,Discounted,Office,2,94.162,FAILED,PARTIAL
861,5,33,Discounted,Office,5,94.162,FAILED,FAILED
867,4,5,Taxable,Home,2,1378.85,FAILED,FAILED
867,4,12,Taxable,Electronics,3,1608.85,FAILED,FAILED
867,4,39,Discounted,Home,1,305.762,FAILED,FAILED
882,5,2,Taxable,Electronics,1,1723.85,FAILED,PARTIAL
881,3,21,Discounted,Books,3,412.965,SUCCESS,SUCCESS
882,5,24,Discounted,Garden,2,341.147,FAILED,PARTIAL
882,5,29,Taxable,Automotive,1,113.85,FAILED,PARTIAL
882,5,32,Discounted,Garden,4,64.4575,SUCCESS,PARTIAL
885,5,31,Taxable,Sports,5,90.85,FAILED,FAILED
884,5,24,Discounted,Garden,2,341.147,FAILED,FAILED
877,3,8,Taxable,Home,2,2873.85,FAILED,FAILED
876,2,4,Taxable,Sports,2,1148.85,FAILED,FAILED
883,3,8,Taxable,Home,5,2873.85,FAILED,FAILED
883,3,33,Discounted,Office,5,94.162,FAILED,FAILED
878,2,1,Taxable,Clothing,1,688.85,FAILED,PARTIAL
878,2,5,Taxable,Home,3,1378.85,FAILED,PARTIAL
878,2,13,Taxable,Books,2,861.35,SUCCESS,PARTIAL
878,2,16,Discounted,Office,1,154.215,SUCCESS,PARTIAL
879,5,1,Taxable,Clothing,3,688.85,SUCCESS,SUCCESS
879,5,9,Taxable,Office,3,228.85,SUCCESS,SUCCESS
871,2,20,Discounted,Toys,5,272.722,FAILED,FAILED
880,3,37,Discounted,Office,4,253.172,FAILED,FAILED
870,5,15,Discounted,Office,1,292.272,SUCCESS,PARTIAL
874,2,34,Discounted,Beauty,3,49.1625,SUCCESS,SUCCESS
872,3,30,Taxable,Garden,5,205.85,FAILED,FAILED
870,5,16,Discounted,Office,4,154.215,SUCCESS,PARTIAL
875,3,3,Taxable,Beauty,5,918.85,FAILED,FAILED
870,5,31,Taxable,Sports,2,90.85,FAILED,PARTIAL
870,5,35,Standard,Perishables,1,69,FAILED,PARTIAL
890,4,36,Discounted,Garden,4,79.948,FAILED,FAILED
897,3,38,Discounted,Garden,2,412.965,FAILED,FAILED
897,3,39,Discounted,Home,2,305.762,FAILED,FAILED
900,3,8,Taxable,Home,4,2873.85,FAILED,FAILED
891,2,12,Taxable,Electronics,4,1608.85,FAILED,FAILED
886,3,16,Discounted,Office,5,154.215,SUCCESS,PARTIAL
887,2,4,Taxable,Sports,5,1148.85,FAILED,PARTIAL
886,3,23,Discounted,Garden,3,237.015,SUCCESS,PARTIAL
887,2,5,Taxable,Home,5,1378.85,FAILED,PARTIAL
886,3,24,Discounted,Garden,2,341.147,FAILED,PARTIAL
887,2,27,Taxable,Automotive,3,148.35,SUCCESS,PARTIAL
886,3,31,Taxable,Sports,4,90.85,FAILED,PARTIAL
893,2,38,Discounted,Garden,2,412.965,FAILED,FAILED
892,5,5,Taxable,Home,4,1378.85,FAILED,PARTIAL
892,5,19,Discounted,Automotive,4,168.222,SUCCESS,PARTIAL
892,5,36,Discounted,Garden,5,79.948,FAILED,PARTIAL
889,5,1,Taxable,Clothing,3,688.85,FAILED,FAILED
889,5,31,Taxable,Sports,4,90.85,FAILED,FAILED
889,5,36,Discounted,Garden,5,79.948,FAILED,FAILED
889,5,40,Taxable,Office,5,378.35,FAILED,FAILED
873,4,30,Taxable,Garden,3,205.85,FAILED,FAILED
895,5,12,Taxable,Electronics,4,1608.85,FAILED,PARTIAL
896,2,31,Taxable,Sports,2,90.85,FAILED,FAILED
895,5,19,Discounted,Automotive,3,168.222,SUCCESS,PARTIAL
894,3,23,Discounted,Garden,2,237.015,FAILED,FAILED
888,5,28,Taxable,Beauty,1,125.35,SUCCESS,SUCCESS
906,2,14,Discounted,Sports,2,464.715,SUCCESS,PARTIAL
906,2,35,Standard,Perishables,5,69,FAILED,PARTIAL
906,2,36,Discounted,Garden,3,79.948,FAILED,PARTIAL
913,4,38,Discounted,Garden,5,412.965,FAILED,FAILED
912,5,29,Taxable,Automotive,5,113.85,FAILED,PARTIAL
899,2,3,Taxable,Beauty,4,918.85,FAILED,PARTIAL
914,5,13,Taxable,Books,1,861.35,SUCCESS,PARTIAL
899,2,19,Discounted,Automotive,3,168.222,SUCCESS,PARTIAL
899,2,20,Discounted,Toys,1,272.722,FAILED,PARTIAL
911,2,12,Taxable,Electronics,2,1608.85,FAILED,FAILED
904,2,22,Discounted,Beauty,3,191.268,SUCCESS,PARTIAL
904,2,29,Taxable,Automotive,2,113.85,FAILED,PARTIAL
901,4,6,Taxable,Office,3,2643.85,FAILED,FAILED
905,3,32,Discounted,Garden,4,64.4575,SUCCESS,SUCCESS
911,2,31,Taxable,Sports,3,90.85,FAILED,FAILED
911,2,39,Discounted,Home,4,305.762,FAILED,FAILED
911,2,40,Taxable,Office,5,378.35,FAILED,FAILED
902,3,31,Taxable,Sports,4,90.85,FAILED,FAILED
912,5,34,Discounted,Beauty,1,49.1625,SUCCESS,PARTIAL
912,5,39,Discounted,Home,4,305.762,FAILED,PARTIAL
903,3,18,Discounted,Garden,1,257.715,SUCCESS,SUCCESS
908,3,28,Taxable,Beauty,5,125.35,SUCCESS,SUCCESS
907,4,2,Taxable,Electronics,4,1723.85,FAILED,PARTIAL
907,4,34,Discounted,Beauty,3,49.1625,SUCCESS,PARTIAL
907,4,40,Taxable,Office,3,378.35,FAILED,PARTIAL
914,5,36,Discounted,Garden,2,79.948,FAILED,PARTIAL
898,5,35,Standard,Perishables,4,69,FAILED,FAILED
898,5,37,Discounted,Office,2,253.172,FAILED,FAILED
910,5,14,Discounted,Sports,4,464.715,SUCCESS,PARTIAL
910,5,28,Taxable,Beauty,2,125.35,SUCCESS,PARTIAL
910,5,29,Taxable,Automotive,1,113.85,FAILED,PARTIAL
909,5,8,Taxable,Home,3,2873.85,FAILED,FAILED
910,5,35,Standard,Perishables,3,69,FAILED,PARTIAL
922,4,26,Discounted,Sports,1,205.965,SUCCESS,SUCCESS
919,5,4,Taxable,Sports,4,1148.85,FAILED,FAILED
918,4,2,Taxable,Electronics,2,1723.85,FAILED,PARTIAL
918,4,13,Taxable,Books,3,861.35,SUCCESS,PARTIAL
918,4,27,Taxable,Automotive,3,148.35,SUCCESS,PARTIAL
917,5,3,Taxable,Beauty,1,918.85,FAILED,FAILED
917,5,29,Taxable,Automotive,5,113.85,FAILED,FAILED
917,5,31,Taxable,Sports,3,90.85,FAILED,FAILED
916,2,8,Taxable,Home,4,2873.85,FAILED,PARTIAL
916,2,9,Taxable,Office,5,228.85,SUCCESS,PARTIAL
916,2,40,Taxable,Office,1,378.35,FAILED,PARTIAL
936,5,13,Taxable,Books,5,861.35,SUCCESS,SUCCESS
939,2,38,Discounted,Garden,4,412.965,FAILED,FAILED
932,5,3,Taxable,Beauty,4,918.85,FAILED,PARTIAL
932,5,10,Taxable,Beauty,3,573.85,SUCCESS,PARTIAL
932,5,34,Discounted,Beauty,5,49.1625,SUCCESS,PARTIAL
937,4,21,Discounted,Books,1,412.965,SUCCESS,SUCCESS
935,4,6,Taxable,Office,3,2643.85,FAILED,PARTIAL
935,4,27,Taxable,Automotive,1,148.35,SUCCESS,PARTIAL
934,4,32,Discounted,Garden,4,64.4575,SUCCESS,SUCCESS
931,4,40,Taxable,Office,5,378.35,FAILED,FAILED
933,2,3,Taxable,Beauty,4,918.85,FAILED,FAILED
929,2,29,Taxable,Automotive,2,113.85,FAILED,FAILED
933,2,40,Taxable,Office,5,378.35,FAILED,FAILED
920,5,5,Taxable,Home,3,1378.85,FAILED,PARTIAL
920,5,20,Discounted,Toys,4,272.722,FAILED,PARTIAL
920,5,22,Discounted,Beauty,1,191.268,SUCCESS,PARTIAL
920,5,29,Taxable,Automotive,5,113.85,FAILED,PARTIAL
921,2,21,Discounted,Books,3,412.965,SUCCESS,SUCCESS
923,4,38,Discounted,Garden,2,412.965,FAILED,FAILED
915,4,2,Taxable,Electronics,5,1723.85,FAILED,PARTIAL
915,4,10,Taxable,Beauty,3,573.85,SUCCESS,PARTIAL
930,5,30,Taxable,Garden,3,205.85,FAILED,FAILED
938,4,4,Taxable,Sports,4,1148.85,FAILED,PARTIAL
927,5,34,Discounted,Beauty,2,49.1625,SUCCESS,SUCCESS
938,4,8,Taxable,Home,5,2873.85,FAILED,PARTIAL
938,4,33,Discounted,Office,1,94.162,FAILED,PARTIAL
938,4,34,Discounted,Beauty,4,49.1625,SUCCESS,PARTIAL
924,5,5,Taxable,Home,5,1378.85,FAILED,FAILED
928,4,30,Taxable,Garden,3,205.85,FAILED,FAILED
925,4,7,Taxable,Automotive,5,746.35,FAILED,FAILED
926,2,35,Standard,Perishables,4,69,FAILED,FAILED
947,4,1,Taxable,Clothing,3,688.85,FAILED,FAILED
943,4,4,Taxable,Sports,4,1148.85,FAILED,PARTIAL
946,4,6,Taxable,Office,3,2643.85,FAILED,PARTIAL
944,2,5,Taxable,Home,2,1378.85,FAILED,FAILED
943,4,32,Discounted,Garden,4,64.4575,SUCCESS,PARTIAL
941,2,31,Taxable,Sports,5,90.85,FAILED,FAILED
943,4,37,Discounted,Office,4,253.172,FAILED,PARTIAL
940,4,6,Taxable,Office,4,2643.85,FAILED,PARTIAL
945,5,6,Taxable,Office,1,2643.85,FAILED,PARTIAL
945,5,10,Taxable,Beauty,4,573.85,SUCCESS,PARTIAL
945,5,30,Taxable,Garden,5,205.85,FAILED,PARTIAL
949,4,22,Discounted,Beauty,5,191.268,SUCCESS,SUCCESS
940,4,16,Discounted,Office,3,154.215,SUCCESS,PARTIAL
940,4,38,Discounted,Garden,4,412.965,FAILED,PARTIAL
942,5,22,Discounted,Beauty,5,191.268,SUCCESS,SUCCESS
946,4,13,Taxable,Books,1,861.35,SUCCESS,PARTIAL
946,4,28,Taxable,Beauty,5,125.35,SUCCESS,PARTIAL
946,4,40,Taxable,Office,5,378.35,FAILED,PARTIAL
967,4,4,Taxable,Sports,5,1148.85,FAILED,FAILED
960,2,1,Taxable,Clothing,5,688.85,FAILED,PARTIAL
960,2,11,Taxable,Office,2,1033.85,FAILED,PARTIAL
964,5,15,Discounted,Office,5,292.272,SUCCESS,SUCCESS
965,2,12,Taxable,Electronics,2,1608.85,FAILED,PARTIAL
966,5,36,Discounted,Garden,1,79.948,FAILED,FAILED
966,5,38,Discounted,Garden,2,412.965,FAILED,FAILED
965,2,23,Discounted,Garden,1,237.015,SUCCESS,PARTIAL
965,2,38,Discounted,Garden,3,412.965,FAILED,PARTIAL
961,4,40,Taxable,Office,1,378.35,FAILED,FAILED
963,4,6,Taxable,Office,2,2643.85,FAILED,PARTIAL
965,2,40,Taxable,Office,1,378.35,FAILED,PARTIAL
963,4,22,Discounted,Beauty,1,191.268,SUCCESS,PARTIAL
955,4,2,Taxable,Electronics,5,1723.85,FAILED,FAILED
955,4,8,Taxable,Home,3,2873.85,FAILED,FAILED
955,4,30,Taxable,Garden,1,205.85,FAILED,FAILED
955,4,38,Discounted,Garden,4,412.965,FAILED,FAILED
956,5,24,Discounted,Garden,1,341.147,FAILED,FAILED
954,5,14,Discounted,Sports,1,464.715,SUCCESS,SUCCESS
950,4,9,Taxable,Office,4,228.85,SUCCESS,SUCCESS
957,5,22,Discounted,Beauty,2,191.268,SUCCESS,SUCCESS
958,5,3,Taxable,Beauty,2,918.85,FAILED,PARTIAL
962,5,2,Taxable,Electronics,2,1723.85,FAILED,FAILED
960,2,25,Discounted,Electronics,4,643.08,FAILED,PARTIAL
962,5,8,Taxable,Home,2,2873.85,FAILED,FAILED
960,2,28,Taxable,Beauty,3,125.35,SUCCESS,PARTIAL
967,4,8,Taxable,Home,2,2873.85,FAILED,FAILED
953,5,27,Taxable,Automotive,3,148.35,SUCCESS,SUCCESS
963,4,28,Taxable,Beauty,3,125.35,SUCCESS,PARTIAL
967,4,29,Taxable,Automotive,5,113.85,FAILED,FAILED
967,4,30,Taxable,Garden,1,205.85,FAILED,FAILED
951,5,15,Discounted,Office,4,292.272,SUCCESS,PARTIAL
963,4,31,Taxable,Sports,3,90.85,FAILED,PARTIAL
959,4,23,Discounted,Garden,4,237.015,FAILED,FAILED
951,5,30,Taxable,Garden,5,205.85,FAILED,PARTIAL
958,5,8,Taxable,Home,1,2873.85,FAILED,PARTIAL
958,5,16,Discounted,Office,1,154.215,SUCCESS,PARTIAL
958,5,40,Taxable,Office,5,378.35,FAILED,PARTIAL
948,2,7,Taxable,Automotive,5,746.35,FAILED,FAILED
952,4,13,Taxable,Books,1,861.35,SUCCESS,SUCCESS
952,4,22,Discounted,Beauty,2,191.268,SUCCESS,SUCCESS
952,4,27,Taxable,Automotive,1,148.35,SUCCESS,SUCCESS
992,5,30,Taxable,Garden,2,205.85,FAILED,FAILED
993,5,13,Taxable,Books,5,861.35,FAILED,PARTIAL
993,5,18,Discounted,Garden,4,257.715,SUCCESS,PARTIAL
989,5,13,Taxable,Books,4,861.35,FAILED,PARTIAL
984,2,30,Taxable,Garden,4,205.85,FAILED,FAILED
989,5,17,Discounted,Toys,3,555.588,FAILED,PARTIAL
989,5,22,Discounted,Beauty,4,191.268,SUCCESS,PARTIAL
989,5,31,Taxable,Sports,5,90.85,FAILED,PARTIAL
994,5,4,Taxable,Sports,2,1148.85,FAILED,PARTIAL
994,5,6,Taxable,Office,3,2643.85,FAILED,PARTIAL
985,4,28,Taxable,Beauty,4,125.35,SUCCESS,SUCCESS
988,5,3,Taxable,Beauty,5,918.85,FAILED,FAILED
994,5,21,Discounted,Books,5,412.965,SUCCESS,PARTIAL
987,5,9,Taxable,Office,1,228.85,SUCCESS,SUCCESS
979,4,6,Taxable,Office,2,2643.85,FAILED,PARTIAL
979,4,13,Taxable,Books,1,861.35,SUCCESS,PARTIAL
979,4,31,Taxable,Sports,2,90.85,FAILED,PARTIAL
980,2,10,Taxable,Beauty,4,573.85,SUCCESS,SUCCESS
981,4,4,Taxable,Sports,4,1148.85,FAILED,FAILED
982,5,8,Taxable,Home,5,2873.85,FAILED,FAILED
986,5,3,Taxable,Beauty,2,918.85,FAILED,PARTIAL
976,5,17,Discounted,Toys,2,555.588,SUCCESS,SUCCESS
976,5,28,Taxable,Beauty,1,125.35,SUCCESS,SUCCESS
978,4,26,Discounted,Sports,3,205.965,SUCCESS,SUCCESS
983,4,8,Taxable,Home,1,2873.85,FAILED,FAILED
986,5,34,Discounted,Beauty,5,49.1625,SUCCESS,PARTIAL
972,4,5,Taxable,Home,2,1378.85,FAILED,PARTIAL
968,5,10,Taxable,Beauty,2,573.85,SUCCESS,SUCCESS
968,5,13,Taxable,Books,3,861.35,SUCCESS,SUCCESS
969,2,4,Taxable,Sports,3,1148.85,FAILED,PARTIAL
969,2,15,Discounted,Office,4,292.272,SUCCESS,PARTIAL
969,2,32,Discounted,Garden,1,64.4575,SUCCESS,PARTIAL
977,4,15,Discounted,Office,2,292.272,SUCCESS,PARTIAL
977,4,31,Taxable,Sports,4,90.85,FAILED,PARTIAL
975,4,19,Discounted,Automotive,1,168.222,SUCCESS,SUCCESS
972,4,7,Taxable,Automotive,5,746.35,FAILED,PARTIAL
972,4,9,Taxable,Office,5,228.85,SUCCESS,PARTIAL
970,4,4,Taxable,Sports,1,1148.85,FAILED,PARTIAL
970,4,28,Taxable,Beauty,2,125.35,SUCCESS,PARTIAL
970,4,35,Standard,Perishables,5,69,FAILED,PARTIAL
974,5,37,Discounted,Office,1,253.172,FAILED,FAILED
973,4,36,Discounted,Garden,5,79.948,FAILED,FAILED
971,2,7,Taxable,Automotive,5,746.35,FAILED,PARTIAL
971,2,10,Taxable,Beauty,3,573.85,SUCCESS,PARTIAL
971,2,31,Taxable,Sports,2,90.85,FAILED,PARTIAL
971,2,40,Taxable,Office,2,378.35,FAILED,PARTIAL
1017,5,15,Discounted,Office,5,292.272,SUCCESS,PARTIAL
1017,5,19,Discounted,Automotive,3,168.222,SUCCESS,PARTIAL
1017,5,31,Taxable,Sports,3,90.85,FAILED,PARTIAL
1017,5,35,Standard,Perishables,4,69,FAILED,PARTIAL
1013,2,7,Taxable,Automotive,3,746.35,FAILED,FAILED
1018,5,34,Discounted,Beauty,2,49.1625,SUCCESS,SUCCESS
1007,4,19,Discounted,Automotive,1,168.222,SUCCESS,PARTIAL
1007,4,20,Discounted,Toys,1,272.722,FAILED,PARTIAL
1020,5,9,Taxable,Office,4,228.85,SUCCESS,PARTIAL
1019,4,33,Discounted,Office,3,94.162,FAILED,FAILED
1007,4,25,Discounted,Electronics,4,643.08,FAILED,PARTIAL
1008,5,10,Taxable,Beauty,2,573.85,SUCCESS,SUCCESS
1007,4,40,Taxable,Office,3,378.35,FAILED,PARTIAL
1010,5,15,Discounted,Office,1,292.272,SUCCESS,SUCCESS
1009,5,28,Taxable,Beauty,5,125.35,SUCCESS,SUCCESS
1011,5,9,Taxable,Office,5,228.85,SUCCESS,SUCCESS
1001,5,40,Taxable,Office,2,378.35,FAILED,FAILED
998,4,31,Taxable,Sports,1,90.85,FAILED,FAILED
991,4,30,Taxable,Garden,5,205.85,FAILED,PARTIAL
1000,5,33,Discounted,Office,1,94.162,FAILED,FAILED
1005,4,36,Discounted,Garden,4,79.948,FAILED,FAILED
1014,2,4,Taxable,Sports,2,1148.85,FAILED,FAILED
997,5,8,Taxable,Home,3,2873.85,FAILED,FAILED
1006,2,11,Taxable,Office,3,1033.85,FAILED,PARTIAL
1006,2,26,Discounted,Sports,4,205.965,SUCCESS,PARTIAL
1006,2,36,Discounted,Garden,5,79.948,FAILED,PARTIAL
999,5,35,Standard,Perishables,4,69,FAILED,FAILED
997,5,29,Taxable,Automotive,1,113.85,FAILED,FAILED
997,5,33,Discounted,Office,2,94.162,FAILED,FAILED
997,5,36,Discounted,Garden,5,79.948,FAILED,FAILED
995,5,13,Taxable,Books,4,861.35,FAILED,PARTIAL
995,5,19,Discounted,Automotive,1,168.222,SUCCESS,PARTIAL
995,5,22,Discounted,Beauty,4,191.268,SUCCESS,PARTIAL
1002,4,25,Discounted,Electronics,1,643.08,FAILED,PARTIAL
1015,2,8,Taxable,Home,5,2873.85,FAILED,FAILED
990,2,1,Taxable,Clothing,5,688.85,FAILED,PARTIAL
1020,5,18,Discounted,Garden,2,257.715,SUCCESS,PARTIAL
1002,4,29,Taxable,Automotive,5,113.85,FAILED,PARTIAL
1002,4,34,Discounted,Beauty,1,49.1625,SUCCESS,PARTIAL
1002,4,36,Discounted,Garden,1,79.948,FAILED,PARTIAL
996,5,25,Discounted,Electronics,1,643.08,FAILED,PARTIAL
990,2,9,Taxable,Office,1,228.85,SUCCESS,PARTIAL
990,2,12,Taxable,Electronics,5,1608.85,FAILED,PARTIAL
990,2,20,Discounted,Toys,1,272.722,FAILED,PARTIAL
996,5,30,Taxable,Garden,1,205.85,FAILED,PARTIAL
996,5,34,Discounted,Beauty,1,49.1625,SUCCESS,PARTIAL
996,5,36,Discounted,Garden,2,79.948,FAILED,PARTIAL
1015,2,31,Taxable,Sports,4,90.85,FAILED,FAILED
1011,5,21,Discounted,Books,1,412.965,SUCCESS,SUCCESS
1004,4,1,Taxable,Clothing,1,688.85,FAILED,FAILED
1020,5,40,Taxable,Office,5,378.35,FAILED,PARTIAL
1003,4,39,Discounted,Home,2,305.762,FAILED,FAILED
995,5,35,Standard,Perishables,2,69,FAILED,PARTIAL
991,4,33,Discounted,Office,2,94.162,FAILED,PARTIAL
991,4,34,Discounted,Beauty,5,49.1625,SUCCESS,PARTIAL
1012,2,5,Taxable,Home,3,1378.85,FAILED,FAILED
1045,2,27,Taxable,Automotive,1,148.35,SUCCESS,SUCCESS
1046,4,36,Discounted,Garden,3,79.948,FAILED,FAILED
1049,4,10,Taxable,Beauty,3,573.85,SUCCESS,PARTIAL
1035,4,2,Taxable,Electronics,1,1723.85,FAILED,FAILED
1049,4,28,Taxable,Beauty,1,125.35,SUCCESS,PARTIAL
1049,4,30,Taxable,Garden,1,205.85,FAILED,PARTIAL
1041,4,5,Taxable,Home,5,1378.85,FAILED,FAILED
1041,4,6,Taxable,Office,4,2643.85,FAILED,FAILED
1041,4,23,Discounted,Garden,5,237.015,FAILED,FAILED
1041,4,32,Discounted,Garden,5,64.4575,FAILED,FAILED
1036,4,31,Taxable,Sports,2,90.85,FAILED,FAILED
1043,4,36,Discounted,Garden,5,79.948,FAILED,FAILED
1039,4,5,Taxable,Home,4,1378.85,FAILED,PARTIAL
1031,4,25,Discounted,Electronics,2,643.08,FAILED,FAILED
1032,2,2,Taxable,Electronics,3,1723.85,FAILED,PARTIAL
1032,2,10,Taxable,Beauty,2,573.85,SUCCESS,PARTIAL
1034,2,33,Discounted,Office,4,94.162,FAILED,FAILED
1033,4,5,Taxable,Home,4,1378.85,FAILED,FAILED
1028,5,2,Taxable,Electronics,5,1723.85,FAILED,FAILED
1029,4,12,Taxable,Electronics,3,1608.85,FAILED,PARTIAL
1029,4,28,Taxable,Beauty,4,125.35,SUCCESS,PARTIAL
1029,4,32,Discounted,Garden,4,64.4575,SUCCESS,PARTIAL
1029,4,34,Discounted,Beauty,5,49.1625,SUCCESS,PARTIAL
1030,2,19,Discounted,Automotive,4,168.222,SUCCESS,PARTIAL
1030,2,24,Discounted,Garden,4,341.147,FAILED,PARTIAL
1030,2,32,Discounted,Garden,2,64.4575,SUCCESS,PARTIAL
1037,4,25,Discounted,Electronics,3,643.08,FAILED,FAILED
1037,4,29,Taxable,Automotive,4,113.85,FAILED,FAILED
1037,4,30,Taxable,Garden,2,205.85,FAILED,FAILED
1023,5,4,Taxable,Sports,1,1148.85,FAILED,FAILED
1042,2,28,Taxable,Beauty,3,125.35,SUCCESS,SUCCESS
1037,4,33,Discounted,Office,4,94.162,FAILED,FAILED
1048,2,27,Taxable,Automotive,4,148.35,SUCCESS,SUCCESS
1024,4,10,Taxable,Beauty,4,573.85,SUCCESS,PARTIAL
1024,4,31,Taxable,Sports,4,90.85,FAILED,PARTIAL
1024,4,36,Discounted,Garden,3,79.948,FAILED,PARTIAL
1047,4,2,Taxable,Electronics,3,1723.85,FAILED,FAILED
1022,5,27,Taxable,Automotive,4,148.35,SUCCESS,SUCCESS
1044,4,15,Discounted,Office,1,292.272,SUCCESS,PARTIAL
1039,4,21,Discounted,Books,1,412.965,SUCCESS,PARTIAL
1044,4,29,Taxable,Automotive,3,113.85,FAILED,PARTIAL
1025,4,8,Taxable,Home,4,2873.85,FAILED,FAILED
1025,4,40,Taxable,Office,1,378.35,FAILED,FAILED
1027,4,5,Taxable,Home,3,1378.85,FAILED,PARTIAL
1044,4,40,Taxable,Office,1,378.35,FAILED,PARTIAL
1027,4,18,Discounted,Garden,2,257.715,SUCCESS,PARTIAL
1027,4,28,Taxable,Beauty,1,125.35,SUCCESS,PARTIAL
1027,4,38,Discounted,Garden,2,412.965,FAILED,PARTIAL
1038,4,25,Discounted,Electronics,5,643.08,FAILED,FAILED
1021,4,4,Taxable,Sports,4,1148.85,FAILED,FAILED
1050,5,3,Taxable,Beauty,2,918.85,FAILED,FAILED
1016,2,28,Taxable,Beauty,4,125.35,SUCCESS,SUCCESS
1050,5,25,Discounted,Electronics,3,643.08,FAILED,FAILED
1026,2,6,Taxable,Office,3,2643.85,FAILED,PARTIAL
1040,5,9,Taxable,Office,4,228.85,SUCCESS,SUCCESS
1026,2,13,Taxable,Books,1,861.35,SUCCESS,PARTIAL
1026,2,21,Discounted,Books,4,412.965,SUCCESS,PARTIAL
1026,2,24,Discounted,Garden,1,341.147,FAILED,PARTIAL
1039,4,36,Discounted,Garden,1,79.948,FAILED,PARTIAL
1039,4,37,Discounted,Office,4,253.172,FAILED,PARTIAL
1066,4,29,Taxable,Automotive,1,113.85,FAILED,FAILED
1056,5,6,Taxable,Office,4,2643.85,FAILED,FAILED
1062,5,7,Taxable,Automotive,5,746.35,FAILED,FAILED
1057,2,29,Taxable,Automotive,2,113.85,FAILED,FAILED
1056,5,36,Discounted,Garden,3,79.948,FAILED,FAILED
1056,5,39,Discounted,Home,2,305.762,FAILED,FAILED
1058,4,9,Taxable,Office,5,228.85,SUCCESS,PARTIAL
1067,2,11,Taxable,Office,3,1033.85,FAILED,FAILED
1064,2,4,Taxable,Sports,3,1148.85,FAILED,FAILED
1065,5,9,Taxable,Office,4,228.85,SUCCESS,SUCCESS
1058,4,31,Taxable,Sports,4,90.85,FAILED,PARTIAL
1064,2,31,Taxable,Sports,1,90.85,FAILED,FAILED
1064,2,39,Discounted,Home,2,305.762,FAILED,FAILED
1064,2,40,Taxable,Office,4,378.35,FAILED,FAILED
1059,2,35,Standard,Perishables,1,69,FAILED,FAILED
1061,2,12,Taxable,Electronics,5,1608.85,FAILED,FAILED
1060,4,7,Taxable,Automotive,3,746.35,FAILED,FAILED
1063,4,12,Taxable,Electronics,5,1608.85,FAILED,PARTIAL
1051,2,4,Taxable,Sports,5,1148.85,FAILED,FAILED
1051,2,5,Taxable,Home,3,1378.85,FAILED,FAILED
1051,2,11,Taxable,Office,2,1033.85,FAILED,FAILED
1051,2,36,Discounted,Garden,2,79.948,FAILED,FAILED
1063,4,26,Discounted,Sports,3,205.965,SUCCESS,PARTIAL
1063,4,36,Discounted,Garden,1,79.948,FAILED,PARTIAL
1055,4,17,Discounted,Toys,4,555.588,FAILED,FAILED
1068,5,3,Taxable,Beauty,2,918.85,FAILED,PARTIAL
1052,4,2,Taxable,Electronics,4,1723.85,FAILED,FAILED
1068,5,18,Discounted,Garden,5,257.715,SUCCESS,PARTIAL
1052,4,30,Taxable,Garden,5,205.85,FAILED,FAILED
1073,4,4,Taxable,Sports,3,1148.85,FAILED,FAILED
1069,2,24,Discounted,Garden,5,341.147,FAILED,FAILED
1054,4,11,Taxable,Office,4,1033.85,FAILED,FAILED
1070,2,17,Discounted,Toys,1,555.588,FAILED,FAILED
1053,5,18,Discounted,Garden,1,257.715,SUCCESS,SUCCESS
1072,2,18,Discounted,Garden,3,257.715,SUCCESS,SUCCESS
1101,4,13,Taxable,Books,4,861.35,FAILED,FAILED
1105,5,5,Taxable,Home,3,1378.85,FAILED,FAILED
1099,4,11,Taxable,Office,1,1033.85,FAILED,FAILED
1084,5,7,Taxable,Automotive,5,746.35,FAILED,PARTIAL
1084,5,19,Discounted,Automotive,2,168.222,SUCCESS,PARTIAL
1090,2,12,Taxable,Electronics,5,1608.85,FAILED,PARTIAL
1090,2,14,Discounted,Sports,2,464.715,SUCCESS,PARTIAL
1095,5,4,Taxable,Sports,2,1148.85,FAILED,PARTIAL
1087,4,2,Taxable,Electronics,4,1723.85,FAILED,PARTIAL
1087,4,7,Taxable,Automotive,4,746.35,FAILED,PARTIAL
1087,4,10,Taxable,Beauty,3,573.85,SUCCESS,PARTIAL
1088,4,20,Discounted,Toys,1,272.722,FAILED,FAILED
1079,5,12,Taxable,Electronics,3,1608.85,FAILED,FAILED
1079,5,29,Taxable,Automotive,1,113.85,FAILED,FAILED
1098,4,18,Discounted,Garden,2,257.715,SUCCESS,SUCCESS
1095,5,22,Discounted,Beauty,4,191.268,SUCCESS,PARTIAL
1095,5,31,Taxable,Sports,2,90.85,FAILED,PARTIAL
1092,2,1,Taxable,Clothing,2,688.85,FAILED,FAILED
1092,2,39,Discounted,Home,2,305.762,FAILED,FAILED
1103,4,2,Taxable,Electronics,2,1723.85,FAILED,PARTIAL
1093,5,17,Discounted,Toys,2,555.588,FAILED,FAILED
1093,5,33,Discounted,Office,4,94.162,FAILED,FAILED
1094,2,7,Taxable,Automotive,3,746.35,FAILED,FAILED
1077,5,31,Taxable,Sports,1,90.85,FAILED,FAILED
1102,4,39,Discounted,Home,2,305.762,FAILED,FAILED
1082,4,3,Taxable,Beauty,2,918.85,FAILED,PARTIAL
1082,4,9,Taxable,Office,3,228.85,SUCCESS,PARTIAL
1082,4,22,Discounted,Beauty,4,191.268,SUCCESS,PARTIAL
1076,5,37,Discounted,Office,4,253.172,FAILED,FAILED
1083,5,5,Taxable,Home,3,1378.85,FAILED,FAILED
1089,4,12,Taxable,Electronics,4,1608.85,FAILED,PARTIAL
1090,2,27,Taxable,Automotive,4,148.35,SUCCESS,PARTIAL
1100,4,6,Taxable,Office,3,2643.85,FAILED,PARTIAL
1085,4,29,Taxable,Automotive,4,113.85,FAILED,FAILED
1099,4,37,Discounted,Office,3,253.172,FAILED,FAILED
1086,2,29,Taxable,Automotive,1,113.85,FAILED,FAILED
1097,4,3,Taxable,Beauty,3,918.85,FAILED,FAILED
1082,4,32,Discounted,Garden,2,64.4575,FAILED,PARTIAL
1097,4,13,Taxable,Books,4,861.35,FAILED,FAILED
1089,4,27,Taxable,Automotive,1,148.35,SUCCESS,PARTIAL
1100,4,8,Taxable,Home,5,2873.85,FAILED,PARTIAL
1086,2,31,Taxable,Sports,5,90.85,FAILED,FAILED
1100,4,21,Discounted,Books,4,412.965,SUCCESS,PARTIAL
1089,4,34,Discounted,Beauty,1,49.1625,SUCCESS,PARTIAL
1091,2,2,Taxable,Electronics,4,1723.85,FAILED,FAILED
1074,2,22,Discounted,Beauty,4,191.268,SUCCESS,SUCCESS
1075,4,4,Taxable,Sports,4,1148.85,FAILED,PARTIAL
1075,4,15,Discounted,Office,3,292.272,SUCCESS,PARTIAL
1075,4,25,Discounted,Electronics,3,643.08,FAILED,PARTIAL
1075,4,35,Standard,Perishables,5,69,FAILED,PARTIAL
1099,4,38,Discounted,Garden,5,412.965,FAILED,FAILED
1099,4,39,Discounted,Home,2,305.762,FAILED,FAILED
1100,4,40,Taxable,Office,1,378.35,FAILED,PARTIAL
1080,4,30,Taxable,Garden,4,205.85,FAILED,FAILED
1078,4,8,Taxable,Home,2,2873.85,FAILED,PARTIAL
1078,4,21,Discounted,Books,1,412.965,SUCCESS,PARTIAL
1078,4,33,Discounted,Office,5,94.162,FAILED,PARTIAL
1104,5,36,Discounted,Garden,2,79.948,FAILED,FAILED
1071,5,12,Taxable,Electronics,4,1608.85,FAILED,PARTIAL
1071,5,22,Discounted,Beauty,2,191.268,SUCCESS,PARTIAL
1071,5,33,Discounted,Office,3,94.162,FAILED,PARTIAL
1071,5,37,Discounted,Office,5,253.172,FAILED,PARTIAL
1081,5,38,Discounted,Garden,4,412.965,FAILED,FAILED
1103,4,3,Taxable,Beauty,4,918.85,FAILED,PARTIAL
1103,4,33,Discounted,Office,3,94.162,FAILED,PARTIAL
1103,4,34,Discounted,Beauty,5,49.1625,SUCCESS,PARTIAL
1122,4,31,Taxable,Sports,1,90.85,FAILED,FAILED
1130,2,3,Taxable,Beauty,5,918.85,FAILED,FAILED
1128,4,5,Taxable,Home,5,1378.85,FAILED,PARTIAL
1121,2,13,Taxable,Books,2,861.35,SUCCESS,SUCCESS
1128,4,28,Taxable,Beauty,2,125.35,SUCCESS,PARTIAL
1123,5,16,Discounted,Office,2,154.215,SUCCESS,PARTIAL
1124,5,24,Discounted,Garden,1,341.147,FAILED,FAILED
1113,4,19,Discounted,Automotive,5,168.222,SUCCESS,SUCCESS
1117,5,5,Taxable,Home,3,1378.85,FAILED,PARTIAL
1117,5,19,Discounted,Automotive,3,168.222,SUCCESS,PARTIAL
1120,5,1,Taxable,Clothing,4,688.85,FAILED,PARTIAL
1120,5,5,Taxable,Home,3,1378.85,FAILED,PARTIAL
1120,5,14,Discounted,Sports,1,464.715,SUCCESS,PARTIAL
1119,2,3,Taxable,Beauty,4,918.85,FAILED,FAILED
1115,5,14,Discounted,Sports,1,464.715,SUCCESS,PARTIAL
1115,5,40,Taxable,Office,2,378.35,FAILED,PARTIAL
1111,4,35,Standard,Perishables,3,69,FAILED,FAILED
1108,5,30,Taxable,Garden,1,205.85,FAILED,FAILED
1118,5,29,Taxable,Automotive,5,113.85,FAILED,FAILED
1109,4,33,Discounted,Office,1,94.162,FAILED,FAILED
1109,4,37,Discounted,Office,4,253.172,FAILED,FAILED
1107,4,18,Discounted,Garden,3,257.715,SUCCESS,PARTIAL
1107,4,36,Discounted,Garden,3,79.948,FAILED,PARTIAL
1107,4,38,Discounted,Garden,1,412.965,FAILED,PARTIAL
1110,4,33,Discounted,Office,3,94.162,FAILED,FAILED
1110,4,38,Discounted,Garden,4,412.965,FAILED,FAILED
1112,2,9,Taxable,Office,1,228.85,SUCCESS,SUCCESS
1123,5,30,Taxable,Garden,1,205.85,FAILED,PARTIAL
1114,5,1,Taxable,Clothing,2,688.85,FAILED,PARTIAL
1114,5,33,Discounted,Office,2,94.162,FAILED,PARTIAL
1114,5,34,Discounted,Beauty,3,49.1625,SUCCESS,PARTIAL
1127,4,29,Taxable,Automotive,2,113.85,FAILED,FAILED
1125,5,7,Taxable,Automotive,1,746.35,SUCCESS,SUCCESS
1096,2,3,Taxable,Beauty,4,918.85,FAILED,FAILED
1096,2,29,Taxable,Automotive,1,113.85,FAILED,FAILED
1096,2,30,Taxable,Garden,2,205.85,FAILED,FAILED
1106,5,7,Taxable,Automotive,5,746.35,FAILED,PARTIAL
1121,2,16,Discounted,Office,4,154.215,SUCCESS,SUCCESS
1107,4,40,Taxable,Office,2,378.35,FAILED,PARTIAL
1116,2,1,Taxable,Clothing,1,688.85,FAILED,FAILED
1116,2,31,Taxable,Sports,4,90.85,FAILED,FAILED
1106,5,9,Taxable,Office,4,228.85,SUCCESS,PARTIAL
1106,5,16,Discounted,Office,2,154.215,SUCCESS,PARTIAL
1106,5,31,Taxable,Sports,1,90.85,FAILED,PARTIAL
1159,4,10,Taxable,Beauty,2,573.85,SUCCESS,PARTIAL
1159,4,40,Taxable,Office,4,378.35,FAILED,PARTIAL
1156,2,4,Taxable,Sports,3,1148.85,FAILED,PARTIAL
1156,2,12,Taxable,Electronics,2,1608.85,FAILED,PARTIAL
1156,2,26,Discounted,Sports,1,205.965,SUCCESS,PARTIAL
1156,2,29,Taxable,Automotive,5,113.85,FAILED,PARTIAL
1160,2,26,Discounted,Sports,4,205.965,SUCCESS,SUCCESS
1153,2,9,Taxable,Office,4,228.85,SUCCESS,PARTIAL
1157,5,13,Taxable,Books,2,861.35,FAILED,PARTIAL
1155,4,9,Taxable,Office,4,228.85,SUCCESS,PARTIAL
1153,2,38,Discounted,Garden,5,412.965,FAILED,PARTIAL
1155,4,17,Discounted,Toys,3,555.588,FAILED,PARTIAL
1145,5,10,Taxable,Beauty,1,573.85,SUCCESS,SUCCESS
1155,4,20,Discounted,Toys,2,272.722,FAILED,PARTIAL
1152,4,4,Taxable,Sports,5,1148.85,FAILED,PARTIAL
1155,4,33,Discounted,Office,2,94.162,FAILED,PARTIAL
1147,2,12,Taxable,Electronics,1,1608.85,FAILED,FAILED
1142,5,21,Discounted,Books,1,412.965,SUCCESS,SUCCESS
1135,4,4,Taxable,Sports,5,1148.85,FAILED,PARTIAL
1135,4,16,Discounted,Office,2,154.215,SUCCESS,PARTIAL
1135,4,17,Discounted,Toys,1,555.588,FAILED,PARTIAL
1135,4,18,Discounted,Garden,1,257.715,SUCCESS,PARTIAL
1141,5,29,Taxable,Automotive,4,113.85,FAILED,FAILED
1151,2,39,Discounted,Home,1,305.762,FAILED,FAILED
1134,4,21,Discounted,Books,2,412.965,SUCCESS,SUCCESS
1131,2,7,Taxable,Automotive,1,746.35,FAILED,PARTIAL
1149,2,6,Taxable,Office,3,2643.85,FAILED,FAILED
1131,2,19,Discounted,Automotive,1,168.222,SUCCESS,PARTIAL
1131,2,29,Taxable,Automotive,2,113.85,FAILED,PARTIAL
1131,2,31,Taxable,Sports,2,90.85,FAILED,PARTIAL
1152,4,5,Taxable,Home,4,1378.85,FAILED,PARTIAL
1154,5,13,Taxable,Books,2,861.35,FAILED,FAILED
1129,4,36,Discounted,Garden,4,79.948,FAILED,FAILED
1152,4,16,Discounted,Office,4,154.215,SUCCESS,PARTIAL
1152,4,39,Discounted,Home,4,305.762,FAILED,PARTIAL
1144,4,29,Taxable,Automotive,1,113.85,FAILED,FAILED
1148,2,24,Discounted,Garden,1,341.147,FAILED,FAILED
1143,5,6,Taxable,Office,2,2643.85,FAILED,PARTIAL
1143,5,9,Taxable,Office,5,228.85,SUCCESS,PARTIAL
1143,5,29,Taxable,Automotive,1,113.85,FAILED,PARTIAL
1136,5,21,Discounted,Books,2,412.965,FAILED,FAILED
1136,5,40,Taxable,Office,3,378.35,FAILED,FAILED
1150,4,11,Taxable,Office,2,1033.85,FAILED,FAILED
1149,2,36,Discounted,Garden,5,79.948,FAILED,FAILED
1149,2,39,Discounted,Home,4,305.762,FAILED,FAILED
1149,2,40,Taxable,Office,5,378.35,FAILED,FAILED
1157,5,28,Taxable,Beauty,3,125.35,SUCCESS,PARTIAL
1158,5,4,Taxable,Sports,3,1148.85,FAILED,FAILED
1133,5,3,Taxable,Beauty,2,918.85,FAILED,FAILED
1137,2,32,Discounted,Garden,3,64.4575,FAILED,FAILED
1133,5,17,Discounted,Toys,4,555.588,FAILED,FAILED
1133,5,29,Taxable,Automotive,2,113.85,FAILED,FAILED
1133,5,33,Discounted,Office,3,94.162,FAILED,FAILED
1132,5,1,Taxable,Clothing,2,688.85,FAILED,FAILED
1140,5,10,Taxable,Beauty,5,573.85,SUCCESS,PARTIAL
1132,5,21,Discounted,Books,5,412.965,FAILED,FAILED
1132,5,25,Discounted,Electronics,1,643.08,FAILED,FAILED
1132,5,38,Discounted,Garden,5,412.965,FAILED,FAILED
1140,5,15,Discounted,Office,2,292.272,SUCCESS,PARTIAL
1140,5,32,Discounted,Garden,1,64.4575,FAILED,PARTIAL
1140,5,33,Discounted,Office,2,94.162,FAILED,PARTIAL
1138,2,34,Discounted,Beauty,2,49.1625,SUCCESS,SUCCESS
1139,2,28,Taxable,Beauty,3,125.35,SUCCESS,PARTIAL
1146,2,9,Taxable,Office,5,228.85,SUCCESS,SUCCESS
1139,2,32,Discounted,Garden,1,64.4575,FAILED,PARTIAL
1126,5,31,Taxable,Sports,2,90.85,FAILED,FAILED
1180,2,8,Taxable,Home,1,2873.85,FAILED,FAILED
1180,2,17,Discounted,Toys,5,555.588,FAILED,FAILED
1180,2,24,Discounted,Garden,1,341.147,FAILED,FAILED
1186,5,31,Taxable,Sports,2,90.85,FAILED,FAILED
1180,2,38,Discounted,Garden,4,412.965,FAILED,FAILED
1184,5,23,Discounted,Garden,3,237.015,FAILED,FAILED
1178,5,17,Discounted,Toys,3,555.588,FAILED,FAILED
1183,2,34,Discounted,Beauty,3,49.1625,SUCCESS,SUCCESS
1177,2,27,Taxable,Automotive,3,148.35,SUCCESS,PARTIAL
1177,2,36,Discounted,Garden,2,79.948,FAILED,PARTIAL
1177,2,38,Discounted,Garden,4,412.965,FAILED,PARTIAL
1175,2,5,Taxable,Home,1,1378.85,FAILED,FAILED
1181,5,17,Discounted,Toys,5,555.588,FAILED,FAILED
1175,2,31,Taxable,Sports,1,90.85,FAILED,FAILED
1175,2,33,Discounted,Office,2,94.162,FAILED,FAILED
1175,2,37,Discounted,Office,1,253.172,FAILED,FAILED
1182,5,16,Discounted,Office,4,154.215,SUCCESS,PARTIAL
1182,5,29,Taxable,Automotive,4,113.85,FAILED,PARTIAL
1182,5,32,Discounted,Garden,1,64.4575,FAILED,PARTIAL
1179,5,3,Taxable,Beauty,1,918.85,FAILED,FAILED
1171,5,3,Taxable,Beauty,2,918.85,FAILED,FAILED
1171,5,17,Discounted,Toys,2,555.588,FAILED,FAILED
1171,5,29,Taxable,Automotive,4,113.85,FAILED,FAILED
1174,2,24,Discounted,Garden,3,341.147,FAILED,FAILED
1174,2,29,Taxable,Automotive,5,113.85,FAILED,FAILED
1172,2,32,Discounted,Garden,1,64.4575,FAILED,FAILED
1173,2,14,Discounted,Sports,4,464.715,SUCCESS,SUCCESS
1168,2,21,Discounted,Books,5,412.965,FAILED,FAILED
1170,2,7,Taxable,Automotive,2,746.35,FAILED,PARTIAL
1170,2,26,Discounted,Sports,2,205.965,SUCCESS,PARTIAL
1170,2,31,Taxable,Sports,3,90.85,FAILED,PARTIAL
1170,2,39,Discounted,Home,3,305.762,FAILED,PARTIAL
1164,5,1,Taxable,Clothing,4,688.85,FAILED,FAILED
1176,5,17,Discounted,Toys,4,555.588,FAILED,FAILED
1176,5,32,Discounted,Garden,4,64.4575,FAILED,FAILED
1165,2,3,Taxable,Beauty,1,918.85,FAILED,FAILED
1166,5,33,Discounted,Office,3,94.162,FAILED,FAILED
1161,5,20,Discounted,Toys,4,272.722,FAILED,FAILED
1161,5,29,Taxable,Automotive,2,113.85,FAILED,FAILED
1169,5,27,Taxable,Automotive,2,148.35,SUCCESS,SUCCESS
1167,4,22,Discounted,Beauty,5,191.268,SUCCESS,PARTIAL
1167,4,38,Discounted,Garden,3,412.965,FAILED,PARTIAL
1162,4,6,Taxable,Office,4,2643.85,FAILED,PARTIAL
1162,4,14,Discounted,Sports,5,464.715,SUCCESS,PARTIAL
1162,4,31,Taxable,Sports,3,90.85,FAILED,PARTIAL
1162,4,32,Discounted,Garden,1,64.4575,FAILED,PARTIAL
1163,2,13,Taxable,Books,4,861.35,FAILED,FAILED
1217,5,3,Taxable,Beauty,1,918.85,FAILED,FAILED
1213,5,30,Taxable,Garden,1,205.85,FAILED,FAILED
1217,5,17,Discounted,Toys,3,555.588,FAILED,FAILED
1217,5,30,Taxable,Garden,3,205.85,FAILED,FAILED
1216,2,6,Taxable,Office,4,2643.85,FAILED,FAILED
1211,2,2,Taxable,Electronics,2,1723.85,FAILED,PARTIAL
1208,5,5,Taxable,Home,2,1378.85,FAILED,FAILED
1210,5,12,Taxable,Electronics,5,1608.85,FAILED,PARTIAL
1210,5,15,Discounted,Office,2,292.272,SUCCESS,PARTIAL
1214,2,4,Taxable,Sports,1,1148.85,FAILED,PARTIAL
1207,5,11,Taxable,Office,4,1033.85,FAILED,FAILED
1207,5,38,Discounted,Garden,4,412.965,FAILED,FAILED
1204,5,23,Discounted,Garden,5,237.015,FAILED,FAILED
1214,2,5,Taxable,Home,1,1378.85,FAILED,PARTIAL
1197,5,13,Taxable,Books,1,861.35,FAILED,PARTIAL
1215,5,23,Discounted,Garden,3,237.015,FAILED,FAILED
1200,5,26,Discounted,Sports,3,205.965,SUCCESS,SUCCESS
1197,5,18,Discounted,Garden,1,257.715,SUCCESS,PARTIAL
1211,2,18,Discounted,Garden,3,257.715,SUCCESS,PARTIAL
1192,5,35,Standard,Perishables,3,69,FAILED,FAILED
1206,2,5,Taxable,Home,4,1378.85,FAILED,PARTIAL
1214,2,34,Discounted,Beauty,1,49.1625,SUCCESS,PARTIAL
1211,2,40,Taxable,Office,3,378.35,FAILED,PARTIAL
1203,2,4,Taxable,Sports,1,1148.85,FAILED,PARTIAL
1203,2,9,Taxable,Office,2,228.85,SUCCESS,PARTIAL
1190,2,15,Discounted,Office,3,292.272,SUCCESS,PARTIAL
1198,2,32,Discounted,Garden,1,64.4575,FAILED,FAILED
1215,5,33,Discounted,Office,5,94.162,FAILED,FAILED
1215,5,38,Discounted,Garden,4,412.965,FAILED,FAILED
1215,5,40,Taxable,Office,3,378.35,FAILED,FAILED
1199,2,17,Discounted,Toys,5,555.588,FAILED,FAILED
1199,2,31,Taxable,Sports,1,90.85,FAILED,FAILED
1191,5,25,Discounted,Electronics,2,643.08,FAILED,FAILED
1196,2,24,Discounted,Garden,1,341.147,FAILED,FAILED
1193,5,40,Taxable,Office,4,378.35,FAILED,FAILED
1205,5,27,Taxable,Automotive,2,148.35,SUCCESS,SUCCESS
1209,2,13,Taxable,Books,1,861.35,FAILED,FAILED
1202,5,8,Taxable,Home,2,2873.85,FAILED,FAILED
1209,2,35,Standard,Perishables,5,69,FAILED,FAILED
1206,2,16,Discounted,Office,3,154.215,SUCCESS,PARTIAL
1203,2,11,Taxable,Office,5,1033.85,FAILED,PARTIAL
1206,2,34,Discounted,Beauty,4,49.1625,SUCCESS,PARTIAL
1190,2,36,Discounted,Garden,1,79.948,FAILED,PARTIAL
1212,5,1,Taxable,Clothing,3,688.85,FAILED,FAILED
1185,2,10,Taxable,Beauty,2,573.85,SUCCESS,PARTIAL
1185,2,12,Taxable,Electronics,3,1608.85,FAILED,PARTIAL
1185,2,33,Discounted,Office,4,94.162,FAILED,PARTIAL
1185,2,34,Discounted,Beauty,5,49.1625,SUCCESS,PARTIAL
1190,2,37,Discounted,Office,4,253.172,FAILED,PARTIAL
1187,5,28,Taxable,Beauty,1,125.35,SUCCESS,PARTIAL
1201,2,3,Taxable,Beauty,2,918.85,FAILED,PARTIAL
1187,5,36,Discounted,Garden,1,79.948,FAILED,PARTIAL
1187,5,39,Discounted,Home,1,305.762,FAILED,PARTIAL
1194,2,5,Taxable,Home,5,1378.85,FAILED,FAILED
1197,5,38,Discounted,Garden,4,412.965,FAILED,PARTIAL
1197,5,40,Taxable,Office,1,378.35,FAILED,PARTIAL
1189,5,18,Discounted,Garden,5,257.715,SUCCESS,SUCCESS
1195,5,33,Discounted,Office,1,94.162,FAILED,FAILED
1201,2,28,Taxable,Beauty,2,125.35,SUCCESS,PARTIAL
1188,2,33,Discounted,Office,2,94.162,FAILED,FAILED
1227,2,23,Discounted,Garden,3,237.015,FAILED,PARTIAL
1227,2,24,Discounted,Garden,1,341.147,FAILED,PARTIAL
1227,2,27,Taxable,Automotive,4,148.35,SUCCESS,PARTIAL
1227,2,38,Discounted,Garden,2,412.965,FAILED,PARTIAL
1220,2,20,Discounted,Toys,4,272.722,FAILED,FAILED
1220,2,24,Discounted,Garden,2,341.147,FAILED,FAILED
1220,2,32,Discounted,Garden,4,64.4575,FAILED,FAILED
1218,2,1,Taxable,Clothing,2,688.85,FAILED,FAILED
1218,2,3,Taxable,Beauty,1,918.85,FAILED,FAILED
1218,2,21,Discounted,Books,1,412.965,FAILED,FAILED
1218,2,38,Discounted,Garden,3,412.965,FAILED,FAILED
1225,2,4,Taxable,Sports,2,1148.85,FAILED,FAILED
1225,2,17,Discounted,Toys,5,555.588,FAILED,FAILED
1225,2,23,Discounted,Garden,4,237.015,FAILED,FAILED
1223,2,2,Taxable,Electronics,5,1723.85,FAILED,FAILED
1223,2,37,Discounted,Office,5,253.172,FAILED,FAILED
1222,5,10,Taxable,Beauty,1,573.85,SUCCESS,PARTIAL
1222,5,31,Taxable,Sports,5,90.85,FAILED,PARTIAL
1222,5,33,Discounted,Office,4,94.162,FAILED,PARTIAL
1222,5,40,Taxable,Office,4,378.35,FAILED,PARTIAL
1226,5,22,Discounted,Beauty,1,191.268,SUCCESS,PARTIAL
1246,2,8,Taxable,Home,5,2873.85,FAILED,FAILED
1246,2,13,Taxable,Books,1,861.35,FAILED,FAILED
1246,2,29,Taxable,Automotive,2,113.85,FAILED,FAILED
1246,2,35,Standard,Perishables,4,69,FAILED,FAILED
1226,5,40,Taxable,Office,4,378.35,FAILED,PARTIAL
1244,2,34,Discounted,Beauty,2,49.1625,SUCCESS,SUCCESS
1219,5,5,Taxable,Home,2,1378.85,FAILED,PARTIAL
1243,2,32,Discounted,Garden,5,64.4575,FAILED,FAILED
1241,2,13,Taxable,Books,2,861.35,FAILED,FAILED
1219,5,26,Discounted,Sports,3,205.965,SUCCESS,PARTIAL
1219,5,33,Discounted,Office,5,94.162,FAILED,PARTIAL
1219,5,39,Discounted,Home,4,305.762,FAILED,PARTIAL
1240,2,17,Discounted,Toys,4,555.588,FAILED,FAILED
1231,2,40,Taxable,Office,1,378.35,FAILED,FAILED
1239,2,1,Taxable,Clothing,5,688.85,FAILED,PARTIAL
1245,2,17,Discounted,Toys,3,555.588,FAILED,FAILED
1239,2,14,Discounted,Sports,1,464.715,SUCCESS,PARTIAL
1239,2,36,Discounted,Garden,2,79.948,FAILED,PARTIAL
1239,2,38,Discounted,Garden,5,412.965,FAILED,PARTIAL
1242,2,34,Discounted,Beauty,4,49.1625,SUCCESS,SUCCESS
1230,5,7,Taxable,Automotive,3,746.35,FAILED,PARTIAL
1230,5,9,Taxable,Office,2,228.85,SUCCESS,PARTIAL
1238,5,5,Taxable,Home,1,1378.85,FAILED,PARTIAL
1238,5,10,Taxable,Beauty,1,573.85,SUCCESS,PARTIAL
1238,5,35,Standard,Perishables,1,69,FAILED,PARTIAL
1233,2,15,Discounted,Office,2,292.272,SUCCESS,SUCCESS
1221,5,25,Discounted,Electronics,2,643.08,FAILED,FAILED
1228,5,10,Taxable,Beauty,2,573.85,SUCCESS,SUCCESS
1230,5,33,Discounted,Office,1,94.162,FAILED,PARTIAL
1230,5,38,Discounted,Garden,4,412.965,FAILED,PARTIAL
1224,5,29,Taxable,Automotive,5,113.85,FAILED,FAILED
1224,5,32,Discounted,Garden,5,64.4575,FAILED,FAILED
1224,5,37,Discounted,Office,1,253.172,FAILED,FAILED
1229,2,3,Taxable,Beauty,5,918.85,FAILED,FAILED
1229,2,40,Taxable,Office,3,378.35,FAILED,FAILED
1236,2,9,Taxable,Office,4,228.85,SUCCESS,SUCCESS
1236,2,10,Taxable,Beauty,5,573.85,SUCCESS,SUCCESS
1237,5,33,Discounted,Office,5,94.162,FAILED,FAILED
1235,5,4,Taxable,Sports,3,1148.85,FAILED,FAILED
1234,2,6,Taxable,Office,3,2643.85,FAILED,PARTIAL
1234,2,15,Discounted,Office,4,292.272,SUCCESS,PARTIAL
1234,2,27,Taxable,Automotive,5,148.35,SUCCESS,PARTIAL
1234,2,32,Discounted,Garden,2,64.4575,FAILED,PARTIAL
1232,2,35,Standard,Perishables,1,69,FAILED,FAILED
1232,2,38,Discounted,Garden,2,412.965,FAILED,FAILED
1251,2,2,Taxable,Electronics,3,1723.85,FAILED,PARTIAL
1251,2,21,Discounted,Books,1,412.965,FAILED,PARTIAL
1251,2,34,Discounted,Beauty,3,49.1625,SUCCESS,PARTIAL
1247,2,7,Taxable,Automotive,3,746.35,FAILED,FAILED
1247,2,40,Taxable,Office,1,378.35,FAILED,FAILED
1271,2,38,Discounted,Garden,5,412.965,FAILED,FAILED
1273,2,17,Discounted,Toys,4,555.588,FAILED,FAILED
1272,2,36,Discounted,Garden,3,79.948,FAILED,FAILED
1250,2,15,Discounted,Office,4,292.272,SUCCESS,SUCCESS
1276,2,1,Taxable,Clothing,3,688.85,FAILED,FAILED
1276,2,37,Discounted,Office,3,253.172,FAILED,FAILED
1274,2,2,Taxable,Electronics,3,1723.85,FAILED,FAILED
1270,2,27,Taxable,Automotive,5,148.35,SUCCESS,SUCCESS
1275,2,29,Taxable,Automotive,4,113.85,FAILED,FAILED
1269,2,1,Taxable,Clothing,4,688.85,FAILED,FAILED
1269,2,25,Discounted,Electronics,5,643.08,FAILED,FAILED
1269,2,31,Taxable,Sports,1,90.85,FAILED,FAILED
1269,2,38,Discounted,Garden,5,412.965,FAILED,FAILED
1267,2,6,Taxable,Office,2,2643.85,FAILED,FAILED
1267,2,20,Discounted,Toys,2,272.722,FAILED,FAILED
1267,2,35,Standard,Perishables,4,69,FAILED,FAILED
1265,2,18,Discounted,Garden,1,257.715,SUCCESS,SUCCESS
1248,2,9,Taxable,Office,1,228.85,SUCCESS,SUCCESS
1266,2,34,Discounted,Beauty,5,49.1625,SUCCESS,SUCCESS
1262,2,10,Taxable,Beauty,1,573.85,SUCCESS,SUCCESS
1260,2,21,Discounted,Books,3,412.965,FAILED,FAILED
1268,2,13,Taxable,Books,1,861.35,FAILED,FAILED
1256,2,3,Taxable,Beauty,2,918.85,FAILED,PARTIAL
1256,2,28,Taxable,Beauty,1,125.35,SUCCESS,PARTIAL
1276,2,38,Discounted,Garden,3,412.965,FAILED,FAILED
1257,2,4,Taxable,Sports,2,1148.85,FAILED,FAILED
1263,2,19,Discounted,Automotive,5,168.222,SUCCESS,SUCCESS
1258,2,23,Discounted,Garden,1,237.015,FAILED,FAILED
1255,2,19,Discounted,Automotive,5,168.222,SUCCESS,PARTIAL
1255,2,40,Taxable,Office,5,378.35,FAILED,PARTIAL
1249,2,17,Discounted,Toys,2,555.588,FAILED,FAILED
1254,2,29,Taxable,Automotive,4,113.85,FAILED,FAILED
1256,2,36,Discounted,Garden,3,79.948,FAILED,PARTIAL
1261,2,4,Taxable,Sports,4,1148.85,FAILED,FAILED
1259,2,4,Taxable,Sports,4,1148.85,FAILED,PARTIAL
1261,2,30,Taxable,Garden,5,205.85,FAILED,FAILED
1261,2,33,Discounted,Office,3,94.162,FAILED,FAILED
1257,2,23,Discounted,Garden,2,237.015,FAILED,FAILED
1259,2,8,Taxable,Home,2,2873.85,FAILED,PARTIAL
1259,2,27,Taxable,Automotive,3,148.35,SUCCESS,PARTIAL
1252,2,15,Discounted,Office,4,292.272,SUCCESS,SUCCESS
1253,2,14,Discounted,Sports,4,464.715,SUCCESS,PARTIAL
1253,2,40,Taxable,Office,1,378.35,FAILED,PARTIAL
1249,2,32,Discounted,Garden,4,64.4575,FAILED,FAILED
1264,2,28,Taxable,Beauty,2,125.35,SUCCESS,SUCCESS
1281,2,12,Taxable,Electronics,4,1608.85,FAILED,FAILED
1279,2,34,Discounted,Beauty,1,49.1625,SUCCESS,SUCCESS
1280,2,2,Taxable,Electronics,2,1723.85,FAILED,FAILED
1280,2,8,Taxable,Home,1,2873.85,FAILED,FAILED
1280,2,35,Standard,Perishables,4,69,FAILED,FAILED
1280,2,36,Discounted,Garden,1,79.948,FAILED,FAILED
1282,2,31,Taxable,Sports,2,90.85,FAILED,FAILED
1300,2,37,Discounted,Office,2,253.172,FAILED,FAILED
1300,2,40,Taxable,Office,4,378.35,FAILED,FAILED
1295,2,32,Discounted,Garden,2,64.4575,FAILED,FAILED
1297,2,11,Taxable,Office,5,1033.85,FAILED,PARTIAL
1295,2,33,Discounted,Office,5,94.162,FAILED,FAILED
1297,2,12,Taxable,Electronics,5,1608.85,FAILED,PARTIAL
1297,2,22,Discounted,Beauty,1,191.268,SUCCESS,PARTIAL
1297,2,36,Discounted,Garden,5,79.948,FAILED,PARTIAL
1294,2,36,Discounted,Garden,5,79.948,FAILED,FAILED
1298,2,24,Discounted,Garden,4,341.147,FAILED,FAILED
1291,2,38,Discounted,Garden,4,412.965,FAILED,FAILED
1287,2,11,Taxable,Office,4,1033.85,FAILED,FAILED
1289,2,12,Taxable,Electronics,3,1608.85,FAILED,FAILED
1289,2,14,Discounted,Sports,3,464.715,FAILED,FAILED
1284,2,25,Discounted,Electronics,4,643.08,FAILED,FAILED
1284,2,31,Taxable,Sports,5,90.85,FAILED,FAILED
1284,2,36,Discounted,Garden,2,79.948,FAILED,FAILED
1284,2,40,Taxable,Office,2,378.35,FAILED,FAILED
1285,2,11,Taxable,Office,3,1033.85,FAILED,FAILED
1283,2,11,Taxable,Office,4,1033.85,FAILED,PARTIAL
1283,2,15,Discounted,Office,3,292.272,FAILED,PARTIAL
1283,2,27,Taxable,Automotive,1,148.35,SUCCESS,PARTIAL
1283,2,36,Discounted,Garden,1,79.948,FAILED,PARTIAL
1278,2,4,Taxable,Sports,4,1148.85,FAILED,FAILED
1277,2,40,Taxable,Office,2,378.35,FAILED,FAILED
1278,2,21,Discounted,Books,5,412.965,FAILED,FAILED
1278,2,29,Taxable,Automotive,4,113.85,FAILED,FAILED
1278,2,38,Discounted,Garden,3,412.965,FAILED,FAILED
1299,2,3,Taxable,Beauty,2,918.85,FAILED,FAILED
1296,2,30,Taxable,Garden,2,205.85,FAILED,FAILED
1292,2,15,Discounted,Office,5,292.272,FAILED,FAILED
1292,2,35,Standard,Perishables,2,69,FAILED,FAILED
1290,2,28,Taxable,Beauty,4,125.35,SUCCESS,PARTIAL
1290,2,33,Discounted,Office,3,94.162,FAILED,PARTIAL
1290,2,35,Standard,Perishables,1,69,FAILED,PARTIAL
1290,2,37,Discounted,Office,2,253.172,FAILED,PARTIAL
1293,2,38,Discounted,Garden,3,412.965,FAILED,FAILED
1288,2,1,Taxable,Clothing,5,688.85,FAILED,FAILED
1288,2,36,Discounted,Garden,3,79.948,FAILED,FAILED
1288,2,39,Discounted,Home,5,305.762,FAILED,FAILED
1288,2,40,Taxable,Office,5,378.35,FAILED,FAILED
1286,2,20,Discounted,Toys,4,272.722,FAILED,FAILED
1368,5,703,Discounted,Automotive,21,692.415,SUCCESS,SUCCESS
1362,3,240,Taxable,Home,21,235.75,SUCCESS,SUCCESS
1368,5,886,Taxable,Sports,13,1689.35,SUCCESS,SUCCESS
1362,3,735,Discounted,Automotive,7,1922.96,SUCCESS,SUCCESS
1363,4,792,Discounted,Home,13,1950.25,SUCCESS,SUCCESS
1363,4,982,Discounted,Clothing,6,665.16,SUCCESS,SUCCESS
1369,2,239,Discounted,Clothing,14,317.4,SUCCESS,SUCCESS
1366,1,188,Taxable,Toys,17,341.55,FAILED,PARTIAL
1369,2,886,Taxable,Sports,22,1689.35,SUCCESS,SUCCESS
1366,1,717,Discounted,Clothing,1,1163.47,SUCCESS,PARTIAL
1370,3,181,Taxable,Books,1,1112.05,SUCCESS,SUCCESS
1370,3,636,Discounted,Beauty,24,190.486,SUCCESS,SUCCESS
1370,3,695,Discounted,Books,2,1695.33,SUCCESS,SUCCESS
1370,3,879,Taxable,Clothing,23,770.5,SUCCESS,SUCCESS
1371,1,217,Taxable,Toys,25,1485.8,SUCCESS,SUCCESS
1372,2,963,Taxable,Garden,6,1251.2,SUCCESS,SUCCESS
1373,5,199,Discounted,Automotive,27,139.725,SUCCESS,SUCCESS
1373,5,886,Taxable,Sports,10,1689.35,SUCCESS,SUCCESS
1373,5,926,Taxable,Sports,21,2220.65,SUCCESS,SUCCESS
1374,4,391,Discounted,Home,9,956.409,SUCCESS,SUCCESS
1374,4,644,Discounted,Toys,20,1572.06,SUCCESS,SUCCESS
1375,5,253,Discounted,Garden,21,1211.98,SUCCESS,SUCCESS
1375,5,682,Discounted,Books,1,931.5,SUCCESS,SUCCESS
1375,5,748,Discounted,Office,17,438.127,SUCCESS,SUCCESS
1375,5,969,Discounted,Clothing,2,335.029,SUCCESS,SUCCESS
1377,2,712,Discounted,Toys,20,1399.17,SUCCESS,SUCCESS
1377,2,789,Taxable,Sports,15,226.55,SUCCESS,SUCCESS
1376,1,137,Taxable,Sports,12,2022.85,SUCCESS,SUCCESS
1376,1,782,Discounted,Toys,25,2112.26,SUCCESS,SUCCESS
1376,1,930,Taxable,Books,21,350.75,SUCCESS,SUCCESS
1379,4,126,Taxable,Sports,18,253,SUCCESS,SUCCESS
1379,4,133,Discounted,Toys,21,408.595,SUCCESS,SUCCESS
1378,3,702,Discounted,Garden,1,117.99,SUCCESS,SUCCESS
1378,3,834,Taxable,Beauty,28,1278.8,SUCCESS,SUCCESS
1380,2,225,Taxable,Electronics,10,161,SUCCESS,SUCCESS
1380,2,405,Discounted,Beauty,13,1835.56,SUCCESS,SUCCESS
1380,2,599,Discounted,Books,17,1307.83,SUCCESS,SUCCESS
1380,2,787,Taxable,Books,26,2041.25,SUCCESS,SUCCESS
1381,3,929,Taxable,Sports,25,1316.75,SUCCESS,SUCCESS
1382,4,389,Discounted,Office,15,299.437,SUCCESS,SUCCESS
1383,5,877,Taxable,Beauty,27,1239.7,SUCCESS,SUCCESS
1383,5,992,Discounted,Books,30,1790.09,SUCCESS,SUCCESS
1384,1,311,Discounted,Electronics,18,528.816,SUCCESS,SUCCESS
1384,1,743,Discounted,Automotive,30,1678.56,SUCCESS,SUCCESS
1384,1,960,Standard,Perishables,19,1410,SUCCESS,SUCCESS
1385,2,541,Discounted,Sports,6,1831.31,SUCCESS,SUCCESS
1386,1,554,Taxable,Clothing,28,2191.9,SUCCESS,SUCCESS
1387,2,426,Taxable,Automotive,17,2101.05,SUCCESS,SUCCESS
1387,2,872,Discounted,Toys,14,942.897,SUCCESS,SUCCESS
1388,4,810,Discounted,Sports,30,1105.55,SUCCESS,SUCCESS
1388,4,811,Discounted,Books,23,984.998,SUCCESS,SUCCESS
1389,3,325,Discounted,Sports,12,1600.66,SUCCESS,PARTIAL
1389,3,487,Discounted,Home,30,1858.41,SUCCESS,PARTIAL
1389,3,754,Taxable,Garden,2,2176.95,SUCCESS,PARTIAL
1389,3,810,Discounted,Sports,23,1105.55,FAILED,PARTIAL
1390,5,114,Taxable,Books,10,1413.35,SUCCESS,SUCCESS
1390,5,345,Taxable,Automotive,18,339.25,SUCCESS,SUCCESS
1390,5,484,Discounted,Books,6,364.941,SUCCESS,SUCCESS
1391,2,493,Taxable,Office,21,2044.7,SUCCESS,SUCCESS
1392,3,125,Taxable,Books,16,1580.1,SUCCESS,SUCCESS
1392,3,180,Standard,Perishables,18,1302,SUCCESS,SUCCESS
1392,3,318,Discounted,Sports,1,1141.58,SUCCESS,SUCCESS
1393,1,100,Taxable,Beauty,3,466.9,SUCCESS,SUCCESS
1393,1,308,Taxable,Clothing,4,1712.35,SUCCESS,SUCCESS
1394,4,418,Standard,Perishables,14,237,SUCCESS,SUCCESS
1394,4,420,Discounted,Home,13,999.982,SUCCESS,SUCCESS
1394,4,719,Discounted,Beauty,20,955.305,SUCCESS,SUCCESS
1394,4,931,Discounted,Electronics,26,1146.96,SUCCESS,SUCCESS
1395,2,149,Discounted,Electronics,4,148.603,SUCCESS,SUCCESS
1395,2,176,Discounted,Automotive,17,530.783,SUCCESS,SUCCESS
1395,2,647,Standard,Perishables,4,659,SUCCESS,SUCCESS
1396,3,381,Standard,Perishables,5,1973,SUCCESS,SUCCESS
1396,3,580,Taxable,Office,15,358.8,SUCCESS,SUCCESS
1396,3,884,Discounted,Garden,20,492.522,SUCCESS,SUCCESS
1397,5,164,Discounted,Office,15,1744.6,SUCCESS,SUCCESS
1397,5,268,Discounted,Clothing,21,1051.81,SUCCESS,SUCCESS
1397,5,836,Taxable,Garden,25,2068.85,SUCCESS,SUCCESS
1397,5,952,Discounted,Toys,16,1759.33,SUCCESS,SUCCESS
1398,4,450,Taxable,Office,8,170.2,SUCCESS,SUCCESS
1399,5,694,Discounted,Electronics,13,883.246,SUCCESS,SUCCESS
1400,2,166,Taxable,Office,27,1426,SUCCESS,SUCCESS
1400,2,383,Taxable,Beauty,24,864.8,SUCCESS,SUCCESS
1400,2,589,Discounted,Garden,29,210.105,SUCCESS,SUCCESS
1401,1,254,Discounted,Beauty,29,558.831,SUCCESS,SUCCESS
1401,1,774,Taxable,Beauty,25,1575.5,SUCCESS,SUCCESS
1402,4,399,Discounted,Beauty,13,814.959,SUCCESS,SUCCESS
1402,4,503,Discounted,Electronics,22,1807.71,SUCCESS,SUCCESS
1402,4,599,Discounted,Books,16,1307.83,SUCCESS,SUCCESS
1402,4,873,Taxable,Toys,10,579.6,SUCCESS,SUCCESS
1403,3,493,Taxable,Office,18,2044.7,FAILED,PARTIAL
1403,3,779,Standard,Perishables,4,266,SUCCESS,PARTIAL
1404,1,171,Taxable,Books,10,1255.8,SUCCESS,SUCCESS
1405,4,320,Discounted,Electronics,2,600.691,SUCCESS,SUCCESS
1405,4,704,Discounted,Beauty,1,552,SUCCESS,SUCCESS
1406,2,566,Taxable,Beauty,8,1951.55,SUCCESS,SUCCESS
1407,5,509,Discounted,Garden,10,815.407,SUCCESS,SUCCESS
1408,3,438,Discounted,Sports,1,1204.28,SUCCESS,SUCCESS
1408,3,767,Discounted,Electronics,10,265.144,SUCCESS,SUCCESS
1409,2,777,Taxable,Clothing,1,1842.3,SUCCESS,SUCCESS
1409,2,845,Taxable,Sports,20,1585.85,SUCCESS,SUCCESS
1410,5,293,Discounted,Clothing,8,522.422,SUCCESS,PARTIAL
1410,5,588,Taxable,Clothing,17,619.85,SUCCESS,PARTIAL
1410,5,828,Standard,Perishables,9,1044,SUCCESS,PARTIAL
1411,1,686,Taxable,Toys,24,1266.15,SUCCESS,SUCCESS
1411,1,701,Discounted,Toys,21,1698.23,SUCCESS,SUCCESS
1412,3,333,Standard,Perishables,24,1907,SUCCESS,PARTIAL
1412,3,355,Taxable,Garden,15,2034.35,FAILED,PARTIAL
1412,3,652,Discounted,Sports,30,410.688,SUCCESS,PARTIAL
1412,3,919,Discounted,Toys,21,909.409,SUCCESS,PARTIAL
1413,4,390,Taxable,Clothing,21,2190.75,SUCCESS,SUCCESS
1413,4,503,Discounted,Electronics,13,1807.71,SUCCESS,SUCCESS
1414,2,340,Taxable,Sports,7,1357,SUCCESS,SUCCESS
1414,2,523,Taxable,Home,20,770.5,SUCCESS,SUCCESS
1414,2,555,Taxable,Automotive,8,1324.8,SUCCESS,SUCCESS
1415,5,797,Taxable,Automotive,3,1925.1,SUCCESS,SUCCESS
1416,3,832,Taxable,Home,5,134.55,SUCCESS,SUCCESS
1416,3,912,Taxable,Sports,1,1729.6,SUCCESS,SUCCESS
1417,1,338,Discounted,Beauty,19,2074.42,SUCCESS,SUCCESS
1417,1,438,Discounted,Sports,22,1204.28,SUCCESS,SUCCESS
1417,1,908,Discounted,Sports,13,565.8,SUCCESS,SUCCESS
1417,1,911,Discounted,Toys,29,1976.85,SUCCESS,SUCCESS
1418,2,344,Discounted,Toys,9,1083.85,SUCCESS,SUCCESS
1418,2,850,Discounted,Office,25,1485.62,SUCCESS,SUCCESS
1418,2,871,Discounted,Garden,25,1873.64,SUCCESS,SUCCESS
1418,2,963,Taxable,Garden,9,1251.2,SUCCESS,SUCCESS
1419,4,130,Discounted,Books,8,1518.07,SUCCESS,SUCCESS
1419,4,834,Taxable,Beauty,3,1278.8,SUCCESS,SUCCESS
1420,5,125,Taxable,Books,16,1580.1,SUCCESS,SUCCESS
1420,5,206,Taxable,Sports,19,1983.75,SUCCESS,SUCCESS
1420,5,294,Taxable,Beauty,27,645.15,SUCCESS,SUCCESS
1420,5,850,Discounted,Office,12,1485.62,SUCCESS,SUCCESS
1421,2,398,Taxable,Sports,12,909.65,SUCCESS,SUCCESS
1422,5,639,Taxable,Electronics,14,143.75,SUCCESS,SUCCESS
1422,5,681,Discounted,Automotive,25,1271.26,SUCCESS,SUCCESS
1422,5,764,Standard,Perishables,22,1725,SUCCESS,SUCCESS
1422,5,897,Discounted,Books,15,962.803,SUCCESS,SUCCESS
1423,1,184,Discounted,Toys,16,1671.23,SUCCESS,SUCCESS
1423,1,457,Discounted,Sports,13,202.354,SUCCESS,SUCCESS
1424,3,809,Taxable,Office,30,340.4,SUCCESS,SUCCESS
1425,4,105,Taxable,Office,2,509.45,SUCCESS,SUCCESS
1425,4,939,Discounted,Office,2,679.236,SUCCESS,SUCCESS
1426,5,457,Discounted,Sports,28,202.354,SUCCESS,SUCCESS
1426,5,496,Taxable,Sports,19,688.85,SUCCESS,SUCCESS
1428,3,400,Discounted,Beauty,13,1191.12,SUCCESS,SUCCESS
1427,2,350,Discounted,Garden,4,719.808,SUCCESS,SUCCESS
1427,2,443,Taxable,Toys,8,2165.45,SUCCESS,SUCCESS
1427,2,835,Taxable,Automotive,25,557.75,SUCCESS,SUCCESS
1429,1,169,Taxable,Clothing,23,393.3,SUCCESS,SUCCESS
1429,1,366,Discounted,Garden,26,1410.31,SUCCESS,SUCCESS
1429,1,419,Discounted,Garden,23,1675.77,SUCCESS,SUCCESS
1429,1,914,Taxable,Automotive,26,354.2,SUCCESS,SUCCESS
1430,5,623,Taxable,Toys,15,673.9,SUCCESS,PARTIAL
1430,5,837,Taxable,Home,26,465.75,SUCCESS,PARTIAL
1430,5,998,Discounted,Home,15,1868.15,FAILED,PARTIAL
1431,4,512,Discounted,Beauty,30,1116.67,SUCCESS,SUCCESS
1431,4,783,Discounted,Clothing,7,323.426,SUCCESS,SUCCESS
1431,4,930,Taxable,Books,9,350.75,SUCCESS,SUCCESS
1431,4,945,Discounted,Automotive,3,2137.3,SUCCESS,SUCCESS
1433,4,958,Taxable,Beauty,8,1022.35,SUCCESS,SUCCESS
1432,1,184,Discounted,Toys,1,1671.23,SUCCESS,SUCCESS
1434,2,724,Discounted,Garden,25,1133.76,SUCCESS,SUCCESS
1435,3,314,Taxable,Sports,6,1815.85,SUCCESS,PARTIAL
1435,3,598,Standard,Perishables,25,1742,FAILED,PARTIAL
1435,3,836,Taxable,Garden,17,2068.85,SUCCESS,PARTIAL
1436,5,140,Discounted,Garden,30,1087.44,SUCCESS,SUCCESS
1436,5,909,Taxable,Sports,8,1932,SUCCESS,SUCCESS
1437,1,428,Taxable,Office,26,295.55,SUCCESS,SUCCESS
1438,2,423,Taxable,Toys,6,1315.6,SUCCESS,SUCCESS
1439,3,225,Taxable,Electronics,27,161,SUCCESS,SUCCESS
1440,4,152,Taxable,Books,10,1401.85,SUCCESS,SUCCESS
1440,4,322,Discounted,Toys,2,919.632,SUCCESS,SUCCESS
1440,4,485,Taxable,Clothing,9,1722.7,SUCCESS,SUCCESS
1441,5,145,Standard,Perishables,23,1823,SUCCESS,PARTIAL
1441,5,697,Taxable,Beauty,29,692.3,SUCCESS,PARTIAL
1441,5,764,Standard,Perishables,30,1725,FAILED,PARTIAL
1441,5,883,Taxable,Office,19,1651.4,SUCCESS,PARTIAL
1442,1,116,Discounted,Clothing,17,618.93,SUCCESS,SUCCESS
1442,1,887,Taxable,Beauty,24,1541,SUCCESS,SUCCESS
1442,1,925,Discounted,Garden,3,1634.78,SUCCESS,SUCCESS
1442,1,955,Discounted,Sports,30,1172.08,SUCCESS,SUCCESS
1443,5,234,Discounted,Electronics,11,2058.79,SUCCESS,SUCCESS
1443,5,588,Taxable,Clothing,18,619.85,SUCCESS,SUCCESS
1444,3,398,Taxable,Sports,13,909.65,SUCCESS,SUCCESS
1445,2,529,Discounted,Toys,29,815.223,SUCCESS,SUCCESS
1445,2,544,Taxable,Clothing,18,1360.45,SUCCESS,SUCCESS
1445,2,681,Discounted,Automotive,10,1271.26,SUCCESS,SUCCESS
1445,2,826,Discounted,Garden,13,1026.57,SUCCESS,SUCCESS
1446,1,144,Discounted,Beauty,27,1623.81,SUCCESS,SUCCESS
1446,1,691,Taxable,Sports,7,174.8,SUCCESS,SUCCESS
1446,1,880,Discounted,Beauty,17,1719.25,SUCCESS,SUCCESS
1447,4,221,Taxable,Automotive,2,1859.55,SUCCESS,SUCCESS
1448,1,405,Discounted,Beauty,11,1835.56,SUCCESS,SUCCESS
1448,1,465,Discounted,Toys,11,1233.62,SUCCESS,SUCCESS
1448,1,711,Taxable,Office,11,318.55,SUCCESS,SUCCESS
1449,5,928,Standard,Perishables,4,387,SUCCESS,SUCCESS
1450,3,783,Discounted,Clothing,4,323.426,SUCCESS,SUCCESS
1450,3,812,Discounted,Home,3,1105.46,SUCCESS,SUCCESS
1450,3,984,Taxable,Office,23,1892.9,SUCCESS,SUCCESS
1451,2,449,Taxable,Garden,15,934.95,FAILED,PARTIAL
1451,2,687,Taxable,Electronics,3,311.65,SUCCESS,PARTIAL
1451,2,800,Discounted,Beauty,15,1643.17,SUCCESS,PARTIAL
1451,2,998,Discounted,Home,19,1868.15,FAILED,PARTIAL
1452,5,873,Taxable,Toys,7,579.6,SUCCESS,SUCCESS
1453,4,517,Discounted,Toys,5,748.5,SUCCESS,SUCCESS
1453,4,921,Taxable,Books,28,606.05,SUCCESS,SUCCESS
1453,4,997,Standard,Perishables,2,1956,SUCCESS,SUCCESS
1454,3,158,Taxable,Home,13,1185.65,SUCCESS,SUCCESS
1454,3,985,Discounted,Sports,9,874.862,SUCCESS,SUCCESS
1455,1,261,Taxable,Automotive,15,1503.05,SUCCESS,SUCCESS
1455,1,558,Taxable,Home,29,1237.4,SUCCESS,SUCCESS
1455,1,894,Discounted,Home,28,908.212,SUCCESS,SUCCESS
1455,1,958,Taxable,Beauty,18,1022.35,SUCCESS,SUCCESS
1456,2,235,Standard,Perishables,1,974,SUCCESS,SUCCESS
1457,5,858,Taxable,Garden,18,1743.4,SUCCESS,SUCCESS
1458,3,519,Taxable,Home,28,1606.55,SUCCESS,SUCCESS
1459,1,542,Taxable,Clothing,2,1996.4,SUCCESS,SUCCESS
1459,1,683,Discounted,Books,30,1318.66,SUCCESS,SUCCESS
1459,1,953,Taxable,Garden,5,1508.8,SUCCESS,SUCCESS
1460,4,111,Taxable,Office,4,1868.75,SUCCESS,SUCCESS
1460,4,627,Taxable,Toys,22,1324.8,SUCCESS,SUCCESS
1460,4,878,Discounted,Clothing,24,2081.21,SUCCESS,SUCCESS
1461,5,192,Discounted,Electronics,15,1.863,FAILED,PARTIAL
1461,5,485,Taxable,Clothing,6,1722.7,SUCCESS,PARTIAL
1461,5,560,Discounted,Office,3,1778.08,SUCCESS,PARTIAL
1461,5,941,Discounted,Clothing,16,1865.25,SUCCESS,PARTIAL
1462,2,134,Taxable,Beauty,4,1002.8,SUCCESS,SUCCESS
1462,2,636,Discounted,Beauty,7,190.486,SUCCESS,SUCCESS
1462,2,790,Discounted,Clothing,18,448.546,SUCCESS,SUCCESS
1462,2,932,Taxable,Books,16,2155.1,SUCCESS,SUCCESS
1463,3,308,Taxable,Clothing,17,1712.35,SUCCESS,SUCCESS
1464,1,293,Discounted,Clothing,10,522.422,SUCCESS,SUCCESS
1464,1,571,Taxable,Books,26,1186.8,SUCCESS,SUCCESS
1466,2,625,Discounted,Home,8,1317.35,SUCCESS,SUCCESS
1466,2,976,Standard,Perishables,3,768,SUCCESS,SUCCESS
1466,2,985,Discounted,Sports,10,874.862,SUCCESS,SUCCESS
1465,4,474,Discounted,Office,8,196.65,SUCCESS,SUCCESS
1465,4,513,Discounted,Beauty,26,1462.45,SUCCESS,SUCCESS
1465,4,547,Discounted,Automotive,26,784.875,SUCCESS,SUCCESS
1465,4,960,Standard,Perishables,29,1410,SUCCESS,SUCCESS
1467,3,724,Discounted,Garden,25,1133.76,FAILED,FAILED
1468,1,115,Taxable,Automotive,6,251.85,SUCCESS,SUCCESS
1468,1,676,Standard,Perishables,7,958,SUCCESS,SUCCESS
1468,1,729,Discounted,Sports,28,1379.61,SUCCESS,SUCCESS
1468,1,933,Taxable,Sports,14,1366.2,SUCCESS,SUCCESS
1469,5,118,Discounted,Automotive,15,1495.6,SUCCESS,SUCCESS
1469,5,322,Discounted,Toys,17,919.632,SUCCESS,SUCCESS
1469,5,491,Discounted,Electronics,10,121.44,SUCCESS,SUCCESS
1470,3,238,Discounted,Beauty,3,1508.8,SUCCESS,SUCCESS
1470,3,413,Taxable,Sports,10,1852.65,SUCCESS,SUCCESS
1470,3,431,Discounted,Books,27,1323.53,SUCCESS,SUCCESS
1470,3,944,Taxable,Clothing,30,1366.2,SUCCESS,SUCCESS
1471,4,189,Discounted,Sports,26,2056.37,SUCCESS,SUCCESS
1471,4,358,Taxable,Electronics,13,1891.75,SUCCESS,SUCCESS
1471,4,467,Discounted,Toys,18,1720.86,SUCCESS,SUCCESS
1471,4,557,Taxable,Home,22,2125.2,SUCCESS,SUCCESS
1472,2,202,Discounted,Sports,5,1648.66,SUCCESS,SUCCESS
1472,2,328,Discounted,Office,18,1831.95,SUCCESS,SUCCESS
1472,2,578,Discounted,Books,30,1878.46,SUCCESS,SUCCESS
1473,4,124,Taxable,Home,23,1407.6,SUCCESS,PARTIAL
1473,4,557,Taxable,Home,27,2125.2,FAILED,PARTIAL
1473,4,922,Taxable,Automotive,24,2144.75,FAILED,PARTIAL
1473,4,989,Discounted,Books,17,1157.81,SUCCESS,PARTIAL
1474,5,259,Taxable,Automotive,16,1822.75,SUCCESS,SUCCESS
1474,5,567,Taxable,Books,18,683.1,SUCCESS,SUCCESS
1474,5,819,Taxable,Beauty,25,1473.15,SUCCESS,SUCCESS
1474,5,897,Discounted,Books,29,962.803,SUCCESS,SUCCESS
1475,1,173,Taxable,Books,11,1651.4,SUCCESS,SUCCESS
1475,1,292,Taxable,Books,20,1869.9,SUCCESS,SUCCESS
1475,1,541,Discounted,Sports,3,1831.31,SUCCESS,SUCCESS
1475,1,771,Taxable,Sports,23,2157.4,SUCCESS,SUCCESS
1476,4,985,Discounted,Sports,10,874.862,SUCCESS,SUCCESS
1477,3,637,Discounted,Sports,28,754.538,FAILED,PARTIAL
1477,3,834,Taxable,Beauty,21,1278.8,SUCCESS,PARTIAL
1477,3,953,Taxable,Garden,11,1508.8,SUCCESS,PARTIAL
1478,2,750,Taxable,Office,19,2018.25,SUCCESS,SUCCESS
1478,2,808,Discounted,Sports,29,1657.05,SUCCESS,SUCCESS
1479,1,945,Discounted,Automotive,18,2137.3,SUCCESS,SUCCESS
1480,5,535,Discounted,Beauty,27,387.504,SUCCESS,SUCCESS
1480,5,559,Taxable,Home,1,1414.5,SUCCESS,SUCCESS
1481,2,106,Taxable,Toys,18,1738.8,SUCCESS,SUCCESS
1481,2,978,Discounted,Books,13,853.323,SUCCESS,SUCCESS
1482,3,302,Taxable,Home,3,2190.75,SUCCESS,SUCCESS
1482,3,452,Discounted,Garden,17,323.472,SUCCESS,SUCCESS
1482,3,698,Discounted,Automotive,29,1275.22,SUCCESS,SUCCESS
1482,3,916,Taxable,Garden,11,1544.45,SUCCESS,SUCCESS
1483,4,735,Discounted,Automotive,13,1922.96,SUCCESS,SUCCESS
1484,1,152,Taxable,Books,15,1401.85,SUCCESS,SUCCESS
1484,1,326,Taxable,Toys,25,1476.6,SUCCESS,SUCCESS
1484,1,579,Taxable,Garden,4,1940.05,SUCCESS,SUCCESS
1485,3,450,Taxable,Office,20,170.2,SUCCESS,SUCCESS
1485,3,653,Taxable,Automotive,10,616.4,SUCCESS,SUCCESS
1485,3,917,Discounted,Office,27,1356.14,SUCCESS,SUCCESS
1486,2,228,Discounted,Clothing,12,929.775,SUCCESS,SUCCESS
1486,2,994,Discounted,Garden,24,1369.62,SUCCESS,SUCCESS
1487,4,406,Taxable,Books,29,1721.55,SUCCESS,SUCCESS
1488,5,232,Taxable,Books,2,1217.85,SUCCESS,PARTIAL
1488,5,461,Discounted,Beauty,11,798.296,SUCCESS,PARTIAL
1488,5,805,Discounted,Home,13,1912.52,FAILED,PARTIAL
1489,1,595,Taxable,Garden,21,1400.7,SUCCESS,SUCCESS
1489,1,776,Discounted,Toys,4,1675.45,SUCCESS,SUCCESS
1490,2,348,Taxable,Automotive,30,1934.3,SUCCESS,SUCCESS
1491,4,315,Discounted,Books,1,944.426,SUCCESS,SUCCESS
1491,4,452,Discounted,Garden,30,323.472,SUCCESS,SUCCESS
1491,4,781,Taxable,Beauty,21,480.7,SUCCESS,SUCCESS
1491,4,920,Discounted,Books,13,611.478,SUCCESS,SUCCESS
1492,3,178,Taxable,Sports,6,1355.85,SUCCESS,SUCCESS
1492,3,597,Discounted,Sports,25,1738.29,SUCCESS,SUCCESS
1493,5,130,Discounted,Books,17,1518.07,SUCCESS,SUCCESS
1493,5,175,Discounted,Beauty,26,1669.25,SUCCESS,SUCCESS
1493,5,387,Discounted,Books,15,752.514,SUCCESS,SUCCESS
1493,5,674,Discounted,Books,4,167.992,SUCCESS,SUCCESS
1494,4,248,Taxable,Office,8,621,SUCCESS,SUCCESS
1494,4,790,Discounted,Clothing,9,448.546,SUCCESS,SUCCESS
1495,5,211,Discounted,Garden,29,1851.11,SUCCESS,SUCCESS
1495,5,441,Taxable,Electronics,25,541.65,SUCCESS,SUCCESS
1495,5,684,Discounted,Sports,19,949.509,SUCCESS,SUCCESS
1495,5,964,Discounted,Automotive,23,668.932,SUCCESS,SUCCESS
1497,1,348,Taxable,Automotive,30,1934.3,SUCCESS,SUCCESS
1496,2,404,Discounted,Toys,25,242.5,SUCCESS,PARTIAL
1496,2,559,Taxable,Home,21,1414.5,FAILED,PARTIAL
1496,2,570,Taxable,Sports,11,1958.45,SUCCESS,PARTIAL
1499,4,221,Taxable,Automotive,25,1859.55,SUCCESS,SUCCESS
1499,4,772,Discounted,Automotive,11,1946.84,SUCCESS,SUCCESS
1499,4,901,Discounted,Automotive,7,1598.21,SUCCESS,SUCCESS
1498,3,818,Discounted,Automotive,11,1975.29,SUCCESS,SUCCESS
1500,2,137,Taxable,Sports,18,2022.85,SUCCESS,SUCCESS
1500,2,218,Taxable,Garden,16,1775.6,SUCCESS,SUCCESS
1500,2,418,Standard,Perishables,26,237,SUCCESS,SUCCESS
1501,5,273,Discounted,Beauty,5,1576.67,SUCCESS,SUCCESS
1501,5,307,Taxable,Office,29,755.55,SUCCESS,SUCCESS
1501,5,425,Taxable,Clothing,30,1021.2,SUCCESS,SUCCESS
1502,1,313,Standard,Perishables,26,424,SUCCESS,SUCCESS
1502,1,448,Discounted,Office,10,2065.92,SUCCESS,SUCCESS
1502,1,926,Taxable,Sports,10,2220.65,SUCCESS,SUCCESS
1503,3,990,Discounted,Garden,5,106.904,SUCCESS,SUCCESS
1504,2,203,Taxable,Electronics,19,166.75,SUCCESS,SUCCESS
1504,2,537,Taxable,Automotive,19,788.9,SUCCESS,SUCCESS
1505,4,407,Taxable,Office,13,440.45,SUCCESS,SUCCESS
1506,5,193,Taxable,Garden,16,1614.6,SUCCESS,SUCCESS
1506,5,288,Discounted,Clothing,22,1708.53,SUCCESS,SUCCESS
1508,2,104,Discounted,Sports,7,434.7,SUCCESS,SUCCESS
1508,2,326,Taxable,Toys,26,1476.6,SUCCESS,SUCCESS
1507,1,125,Taxable,Books,24,1580.1,SUCCESS,SUCCESS
1507,1,568,Standard,Perishables,20,1589,SUCCESS,SUCCESS
1507,1,571,Taxable,Books,25,1186.8,SUCCESS,SUCCESS
1509,3,549,Standard,Perishables,14,791,SUCCESS,SUCCESS
1509,3,821,Discounted,Automotive,21,112.608,SUCCESS,SUCCESS
1509,3,833,Discounted,Electronics,4,1663.45,SUCCESS,SUCCESS
1511,4,145,Standard,Perishables,11,1823,SUCCESS,SUCCESS
1511,4,265,Taxable,Office,6,2171.2,SUCCESS,SUCCESS
1510,5,685,Taxable,Garden,21,2277,SUCCESS,SUCCESS
1511,4,307,Taxable,Office,5,755.55,SUCCESS,SUCCESS
1510,5,820,Taxable,Toys,18,171.35,SUCCESS,SUCCESS
1511,4,350,Discounted,Garden,19,719.808,SUCCESS,SUCCESS
1512,1,797,Taxable,Automotive,11,1925.1,SUCCESS,SUCCESS
1514,3,414,Taxable,Office,30,1531.8,SUCCESS,SUCCESS
1513,2,536,Taxable,Garden,30,1416.8,SUCCESS,SUCCESS
1513,2,691,Taxable,Sports,3,174.8,SUCCESS,SUCCESS
1513,2,920,Discounted,Books,2,611.478,SUCCESS,SUCCESS
1515,1,308,Taxable,Clothing,14,1712.35,SUCCESS,SUCCESS
1515,1,522,Taxable,Sports,1,1792.85,SUCCESS,SUCCESS
1515,1,645,Discounted,Books,9,1196.46,SUCCESS,SUCCESS
1515,1,786,Taxable,Home,6,623.3,SUCCESS,SUCCESS
1516,4,832,Taxable,Home,3,134.55,SUCCESS,SUCCESS
1517,1,673,Discounted,Electronics,30,1817.46,SUCCESS,SUCCESS
1518,5,764,Standard,Perishables,23,1725,FAILED,FAILED
1519,3,167,Discounted,Automotive,12,566.03,SUCCESS,SUCCESS
1519,3,457,Discounted,Sports,22,202.354,SUCCESS,SUCCESS
1519,3,754,Taxable,Garden,4,2176.95,SUCCESS,SUCCESS
1519,3,995,Discounted,Garden,20,1531.97,SUCCESS,SUCCESS
1520,2,171,Taxable,Books,10,1255.8,SUCCESS,SUCCESS
1520,2,370,Discounted,Toys,14,846.216,SUCCESS,SUCCESS
1521,1,785,Taxable,Clothing,14,1296.05,SUCCESS,SUCCESS
1521,1,801,Taxable,Electronics,1,1015.45,SUCCESS,SUCCESS
1522,4,486,Taxable,Clothing,9,2294.25,SUCCESS,PARTIAL
1522,4,819,Taxable,Beauty,10,1473.15,FAILED,PARTIAL
1523,1,487,Discounted,Home,27,1858.41,FAILED,FAILED
1524,2,134,Taxable,Beauty,28,1002.8,SUCCESS,SUCCESS
1525,5,121,Taxable,Beauty,7,427.8,SUCCESS,SUCCESS
1525,5,288,Discounted,Clothing,27,1708.53,SUCCESS,SUCCESS
1525,5,312,Discounted,Clothing,26,1173.24,SUCCESS,SUCCESS
1525,5,616,Discounted,Garden,5,1518.23,SUCCESS,SUCCESS
1526,1,625,Discounted,Home,19,1317.35,SUCCESS,SUCCESS
1527,4,260,Taxable,Office,24,133.4,SUCCESS,SUCCESS
1528,3,223,Taxable,Electronics,13,806.15,SUCCESS,SUCCESS
1528,3,577,Discounted,Office,13,1159.91,SUCCESS,SUCCESS
1528,3,992,Discounted,Books,19,1790.09,SUCCESS,SUCCESS
1529,1,287,Taxable,Office,7,2211.45,SUCCESS,SUCCESS
1529,1,575,Discounted,Beauty,17,1377.59,SUCCESS,SUCCESS
1529,1,663,Discounted,Sports,14,763.945,SUCCESS,SUCCESS
1529,1,935,Taxable,Home,22,1328.25,SUCCESS,SUCCESS
1530,2,272,Discounted,Home,23,644.736,SUCCESS,SUCCESS
1530,2,280,Taxable,Office,19,1669.8,SUCCESS,SUCCESS
1530,2,319,Discounted,Toys,28,326.025,SUCCESS,SUCCESS
1531,4,395,Discounted,Sports,27,375.118,SUCCESS,SUCCESS
1531,4,423,Taxable,Toys,1,1315.6,SUCCESS,SUCCESS
1531,4,854,Standard,Perishables,19,1432,SUCCESS,SUCCESS
1531,4,863,Standard,Perishables,7,1969,SUCCESS,SUCCESS
1532,5,176,Discounted,Automotive,25,530.783,SUCCESS,SUCCESS
1533,3,151,Discounted,Garden,8,292.272,SUCCESS,SUCCESS
1533,3,422,Discounted,Office,5,908.362,SUCCESS,SUCCESS
1533,3,877,Taxable,Beauty,1,1239.7,SUCCESS,SUCCESS
1534,5,160,Discounted,Office,15,1186.73,SUCCESS,SUCCESS
1534,5,206,Taxable,Sports,21,1983.75,SUCCESS,SUCCESS
1534,5,672,Discounted,Garden,11,300.438,SUCCESS,SUCCESS
1535,1,753,Taxable,Automotive,7,640.55,SUCCESS,SUCCESS
1535,1,867,Taxable,Office,3,2120.6,SUCCESS,SUCCESS
1535,1,938,Taxable,Home,26,2097.6,SUCCESS,SUCCESS
1536,4,232,Taxable,Books,23,1217.85,SUCCESS,SUCCESS
1536,4,544,Taxable,Clothing,2,1360.45,SUCCESS,SUCCESS
1536,4,726,Taxable,Office,6,2255.15,SUCCESS,SUCCESS
1537,2,245,Taxable,Sports,5,2065.4,SUCCESS,SUCCESS
1537,2,675,Discounted,Office,5,2066.84,SUCCESS,SUCCESS
1537,2,682,Discounted,Books,17,931.5,SUCCESS,SUCCESS
1537,2,884,Discounted,Garden,11,492.522,SUCCESS,SUCCESS
1538,3,213,Discounted,Home,9,158.412,SUCCESS,SUCCESS
1538,3,681,Discounted,Automotive,23,1271.26,SUCCESS,SUCCESS
1539,5,496,Taxable,Sports,24,688.85,SUCCESS,SUCCESS
1539,5,593,Discounted,Clothing,14,2201.86,SUCCESS,SUCCESS
1539,5,951,Discounted,Home,2,1579.64,SUCCESS,SUCCESS
1540,2,339,Taxable,Toys,27,519.8,SUCCESS,SUCCESS
1541,4,652,Discounted,Sports,23,410.688,SUCCESS,SUCCESS
1541,4,685,Taxable,Garden,1,2277,SUCCESS,SUCCESS
1541,4,961,Taxable,Sports,19,2211.45,SUCCESS,SUCCESS
1542,1,263,Discounted,Books,10,112.631,SUCCESS,PARTIAL
1542,1,355,Taxable,Garden,24,2034.35,FAILED,PARTIAL
1542,1,623,Taxable,Toys,30,673.9,SUCCESS,PARTIAL
1543,5,343,Discounted,Office,4,1069.15,FAILED,FAILED
1544,3,679,Taxable,Office,9,1296.05,SUCCESS,SUCCESS
1545,3,157,Taxable,Home,28,1497.3,SUCCESS,SUCCESS
1545,3,807,Taxable,Clothing,25,1789.4,SUCCESS,SUCCESS
1545,3,887,Taxable,Beauty,26,1541,SUCCESS,SUCCESS
1545,3,923,Discounted,Garden,27,921.15,SUCCESS,SUCCESS
1546,4,296,Discounted,Sports,19,1658.07,SUCCESS,SUCCESS
1546,4,905,Taxable,Clothing,6,1407.6,SUCCESS,SUCCESS
1546,4,940,Discounted,Office,23,761.036,SUCCESS,SUCCESS
1547,2,844,Taxable,Office,1,1102.85,SUCCESS,SUCCESS
1548,1,574,Taxable,Books,23,564.65,SUCCESS,SUCCESS
1548,1,982,Discounted,Clothing,4,665.16,SUCCESS,SUCCESS
1549,5,312,Discounted,Clothing,20,1173.24,SUCCESS,SUCCESS
1549,5,359,Taxable,Beauty,28,1235.1,SUCCESS,SUCCESS
1549,5,420,Discounted,Home,6,999.982,SUCCESS,SUCCESS
1549,5,837,Taxable,Home,18,465.75,SUCCESS,SUCCESS
1550,2,810,Discounted,Sports,13,1105.55,FAILED,FAILED
1551,4,868,Discounted,Office,19,764.405,SUCCESS,SUCCESS
1552,3,522,Taxable,Sports,7,1792.85,SUCCESS,SUCCESS
1552,3,753,Taxable,Automotive,9,640.55,SUCCESS,SUCCESS
1553,4,801,Taxable,Electronics,18,1015.45,SUCCESS,SUCCESS
1553,4,954,Discounted,Sports,19,1813.91,SUCCESS,SUCCESS
1554,2,128,Taxable,Garden,9,1949.25,SUCCESS,PARTIAL
1554,2,453,Discounted,Home,11,217.58,SUCCESS,PARTIAL
1554,2,764,Standard,Perishables,21,1725,FAILED,PARTIAL
1555,1,957,Taxable,Clothing,29,1415.65,SUCCESS,SUCCESS
1556,5,100,Taxable,Beauty,27,466.9,SUCCESS,SUCCESS
1557,3,830,Taxable,Garden,6,417.45,SUCCESS,SUCCESS
1559,4,273,Discounted,Beauty,24,1576.67,SUCCESS,SUCCESS
1558,2,404,Discounted,Toys,21,242.5,SUCCESS,PARTIAL
1559,4,630,Taxable,Beauty,9,411.7,SUCCESS,SUCCESS
1559,4,699,Discounted,Home,2,1964.1,SUCCESS,SUCCESS
1558,2,470,Discounted,Automotive,30,1257.08,SUCCESS,PARTIAL
1558,2,559,Taxable,Home,8,1414.5,FAILED,PARTIAL
1560,5,290,Discounted,Books,26,661.641,SUCCESS,SUCCESS
1560,5,443,Taxable,Toys,30,2165.45,SUCCESS,SUCCESS
1560,5,460,Discounted,Books,25,242.88,SUCCESS,SUCCESS
1561,1,146,Discounted,Automotive,20,1732.7,SUCCESS,SUCCESS
1561,1,476,Taxable,Clothing,14,1320.2,SUCCESS,SUCCESS
1561,1,696,Taxable,Sports,23,1496.15,SUCCESS,SUCCESS
1561,1,941,Discounted,Clothing,9,1865.25,SUCCESS,SUCCESS
1562,3,694,Discounted,Electronics,2,883.246,SUCCESS,SUCCESS
1562,3,843,Discounted,Books,27,1826.66,SUCCESS,SUCCESS
1562,3,879,Taxable,Clothing,23,770.5,SUCCESS,SUCCESS
1564,4,463,Discounted,Beauty,27,1635.55,SUCCESS,SUCCESS
1564,4,476,Taxable,Clothing,26,1320.2,SUCCESS,SUCCESS
1564,4,738,Taxable,Books,18,1020.05,SUCCESS,SUCCESS
1564,4,970,Taxable,Garden,18,1029.25,SUCCESS,SUCCESS
1563,2,172,Taxable,Garden,29,1227.05,SUCCESS,SUCCESS
1563,2,415,Discounted,Beauty,22,454.02,SUCCESS,SUCCESS
1563,2,600,Discounted,Electronics,30,1722.84,SUCCESS,SUCCESS
1565,1,391,Discounted,Home,30,956.409,SUCCESS,SUCCESS
1566,5,677,Discounted,Books,5,1088.89,SUCCESS,SUCCESS
1566,5,831,Discounted,Clothing,22,1627.81,SUCCESS,SUCCESS
1567,4,125,Taxable,Books,17,1580.1,SUCCESS,PARTIAL
1567,4,235,Standard,Perishables,5,974,SUCCESS,PARTIAL
1567,4,557,Taxable,Home,28,2125.2,FAILED,PARTIAL
1568,3,228,Discounted,Clothing,6,929.775,SUCCESS,SUCCESS
1569,5,170,Taxable,Office,18,1943.5,SUCCESS,SUCCESS
1570,2,166,Taxable,Office,29,1426,SUCCESS,SUCCESS
1570,2,212,Standard,Perishables,3,1722,SUCCESS,SUCCESS
1570,2,223,Taxable,Electronics,11,806.15,SUCCESS,SUCCESS
1571,1,357,Discounted,Sports,26,122.705,SUCCESS,SUCCESS
1571,1,396,Taxable,Electronics,1,1739.95,SUCCESS,SUCCESS
1571,1,677,Discounted,Books,15,1088.89,SUCCESS,SUCCESS
1572,4,115,Taxable,Automotive,18,251.85,SUCCESS,SUCCESS
1572,4,637,Discounted,Sports,12,754.538,SUCCESS,SUCCESS
1572,4,884,Discounted,Garden,16,492.522,SUCCESS,SUCCESS
1573,4,838,Standard,Perishables,27,1821,SUCCESS,SUCCESS
1573,4,986,Taxable,Office,21,438.15,SUCCESS,SUCCESS
1574,5,895,Taxable,Beauty,18,2022.85,SUCCESS,SUCCESS
1575,3,253,Discounted,Garden,25,1211.98,SUCCESS,SUCCESS
1575,3,964,Discounted,Automotive,30,668.932,SUCCESS,SUCCESS
1576,1,344,Discounted,Toys,28,1083.85,SUCCESS,SUCCESS
1576,1,396,Taxable,Electronics,25,1739.95,SUCCESS,SUCCESS
1576,1,593,Discounted,Clothing,27,2201.86,SUCCESS,SUCCESS
1576,1,773,Taxable,Garden,30,770.5,SUCCESS,SUCCESS
1577,2,137,Taxable,Sports,6,2022.85,SUCCESS,SUCCESS
1577,2,300,Taxable,Electronics,13,1922.8,SUCCESS,SUCCESS
1577,2,326,Taxable,Toys,11,1476.6,SUCCESS,SUCCESS
1577,2,820,Taxable,Toys,30,171.35,SUCCESS,SUCCESS
1578,4,102,Standard,Perishables,19,986,SUCCESS,SUCCESS
1578,4,512,Discounted,Beauty,9,1116.67,SUCCESS,SUCCESS
1578,4,515,Discounted,Clothing,6,601.255,SUCCESS,SUCCESS
1579,2,644,Discounted,Toys,26,1572.06,SUCCESS,SUCCESS
1580,3,566,Taxable,Beauty,20,1951.55,SUCCESS,SUCCESS
1580,3,677,Discounted,Books,7,1088.89,SUCCESS,SUCCESS
1581,1,609,Discounted,Books,16,579.761,SUCCESS,SUCCESS
1582,5,331,Taxable,Books,29,325.45,SUCCESS,SUCCESS
1582,5,803,Taxable,Automotive,19,1077.55,SUCCESS,SUCCESS
1583,3,177,Taxable,Home,22,508.3,SUCCESS,SUCCESS
1583,3,266,Taxable,Garden,1,1208.65,SUCCESS,SUCCESS
1583,3,602,Discounted,Toys,13,1683.28,SUCCESS,SUCCESS
1584,4,130,Discounted,Books,26,1518.07,FAILED,PARTIAL
1584,4,299,Taxable,Toys,10,852.15,SUCCESS,PARTIAL
1584,4,339,Taxable,Toys,25,519.8,SUCCESS,PARTIAL
1584,4,493,Taxable,Office,29,2044.7,FAILED,PARTIAL
1585,2,375,Taxable,Electronics,28,485.3,SUCCESS,SUCCESS
1586,1,369,Taxable,Automotive,16,639.4,SUCCESS,SUCCESS
1586,1,447,Standard,Perishables,9,1800,SUCCESS,SUCCESS
1587,3,968,Taxable,Beauty,4,1082.15,SUCCESS,SUCCESS
1588,2,290,Discounted,Books,1,661.641,SUCCESS,SUCCESS
1589,4,172,Taxable,Garden,20,1227.05,SUCCESS,SUCCESS
1589,4,291,Discounted,Home,7,1228.34,SUCCESS,SUCCESS
1589,4,436,Taxable,Electronics,2,1582.4,SUCCESS,SUCCESS
1589,4,843,Discounted,Books,23,1826.66,SUCCESS,SUCCESS
1590,5,425,Taxable,Clothing,25,1021.2,SUCCESS,SUCCESS
1590,5,530,Discounted,Office,20,474.065,SUCCESS,SUCCESS
1590,5,537,Taxable,Automotive,22,788.9,SUCCESS,SUCCESS
1590,5,550,Discounted,Office,1,346.15,SUCCESS,SUCCESS
1591,1,340,Taxable,Sports,8,1357,SUCCESS,SUCCESS
1591,1,939,Discounted,Office,18,679.236,SUCCESS,SUCCESS
1592,4,528,Taxable,Garden,26,608.35,SUCCESS,SUCCESS
1592,4,748,Discounted,Office,28,438.127,SUCCESS,SUCCESS
1593,3,732,Discounted,Clothing,9,501.975,SUCCESS,SUCCESS
1593,3,739,Discounted,Toys,19,1370.24,SUCCESS,SUCCESS
1593,3,829,Discounted,Sports,13,1420.02,SUCCESS,SUCCESS
1594,2,857,Discounted,Office,11,1141.2,SUCCESS,SUCCESS
1594,2,940,Discounted,Office,29,761.036,SUCCESS,SUCCESS
1595,5,184,Discounted,Toys,5,1671.23,SUCCESS,SUCCESS
1595,5,590,Taxable,Beauty,15,1291.45,SUCCESS,SUCCESS
1595,5,793,Taxable,Garden,16,1159.2,SUCCESS,SUCCESS
1596,1,337,Discounted,Office,1,839.282,SUCCESS,SUCCESS
1596,1,423,Taxable,Toys,30,1315.6,SUCCESS,SUCCESS
1596,1,648,Taxable,Beauty,2,2117.15,SUCCESS,SUCCESS
1598,4,315,Discounted,Books,2,944.426,SUCCESS,SUCCESS
1598,4,954,Discounted,Sports,9,1813.91,SUCCESS,SUCCESS
1597,2,320,Discounted,Electronics,29,600.691,SUCCESS,SUCCESS
1597,2,410,Taxable,Books,12,870.55,SUCCESS,SUCCESS
1597,2,517,Discounted,Toys,19,748.5,SUCCESS,SUCCESS
1597,2,803,Taxable,Automotive,1,1077.55,SUCCESS,SUCCESS
1599,5,134,Taxable,Beauty,14,1002.8,FAILED,PARTIAL
1599,5,625,Discounted,Home,9,1317.35,SUCCESS,PARTIAL
1599,5,862,Taxable,Books,29,1561.7,SUCCESS,PARTIAL
1600,2,532,Discounted,Sports,5,1004.04,SUCCESS,SUCCESS
1600,2,921,Taxable,Books,13,606.05,SUCCESS,SUCCESS
1601,3,154,Taxable,Toys,9,2275.85,SUCCESS,SUCCESS
1601,3,779,Standard,Perishables,12,266,SUCCESS,SUCCESS
1603,4,354,Taxable,Toys,13,923.45,SUCCESS,SUCCESS
1603,4,618,Taxable,Clothing,17,1270.75,SUCCESS,SUCCESS
1603,4,808,Discounted,Sports,9,1657.05,SUCCESS,SUCCESS
1602,2,220,Discounted,Books,29,301.599,SUCCESS,SUCCESS
1602,2,260,Taxable,Office,19,133.4,SUCCESS,SUCCESS
1604,1,834,Taxable,Beauty,16,1278.8,SUCCESS,SUCCESS
1606,3,335,Taxable,Office,24,1817,SUCCESS,SUCCESS
1605,5,295,Taxable,Sports,29,618.7,SUCCESS,SUCCESS
1605,5,639,Taxable,Electronics,2,143.75,SUCCESS,SUCCESS
1606,3,746,Taxable,Office,19,1285.7,SUCCESS,SUCCESS
1606,3,770,Taxable,Office,15,917.7,SUCCESS,SUCCESS
1606,3,943,Taxable,Beauty,2,1428.3,SUCCESS,SUCCESS
1607,4,217,Taxable,Toys,10,1485.8,SUCCESS,SUCCESS
1607,4,540,Discounted,Garden,17,292.33,SUCCESS,SUCCESS
1608,3,368,Discounted,Office,19,765.072,SUCCESS,SUCCESS
1609,2,319,Discounted,Toys,21,326.025,SUCCESS,SUCCESS
1609,2,452,Discounted,Garden,19,323.472,SUCCESS,SUCCESS
1609,2,717,Discounted,Clothing,14,1163.47,SUCCESS,SUCCESS
1609,2,987,Discounted,Clothing,21,238.498,SUCCESS,SUCCESS
1610,5,578,Discounted,Books,12,1878.46,SUCCESS,SUCCESS
1610,5,622,Discounted,Garden,10,2024.63,SUCCESS,SUCCESS
1610,5,902,Taxable,Toys,29,1470.85,SUCCESS,SUCCESS
1610,5,994,Discounted,Garden,25,1369.62,SUCCESS,SUCCESS
1611,4,168,Taxable,Books,12,1357,SUCCESS,SUCCESS
1611,4,201,Discounted,Office,6,205.758,SUCCESS,SUCCESS
1611,4,924,Standard,Perishables,6,570,SUCCESS,SUCCESS
1612,1,368,Discounted,Office,17,765.072,SUCCESS,SUCCESS
1612,1,404,Discounted,Toys,5,242.5,SUCCESS,SUCCESS
1612,1,783,Discounted,Clothing,16,323.426,SUCCESS,SUCCESS
1613,2,105,Taxable,Office,5,509.45,SUCCESS,SUCCESS
1613,2,618,Taxable,Clothing,16,1270.75,SUCCESS,SUCCESS
1613,2,911,Discounted,Toys,1,1976.85,SUCCESS,SUCCESS
1614,4,654,Discounted,Clothing,5,1062.05,SUCCESS,SUCCESS
1614,4,824,Taxable,Electronics,14,1301.8,SUCCESS,SUCCESS
1614,4,856,Standard,Perishables,24,663,SUCCESS,SUCCESS
1614,4,880,Discounted,Beauty,26,1719.25,SUCCESS,SUCCESS
1615,3,353,Discounted,Garden,27,957.996,SUCCESS,SUCCESS
1615,3,407,Taxable,Office,14,440.45,SUCCESS,SUCCESS
1616,5,276,Discounted,Sports,1,1665.71,SUCCESS,SUCCESS
1616,5,889,Discounted,Sports,1,1869.93,SUCCESS,SUCCESS
1616,5,959,Taxable,Office,23,1161.5,SUCCESS,SUCCESS
1617,2,651,Taxable,Toys,13,884.35,SUCCESS,SUCCESS
1617,2,738,Taxable,Books,16,1020.05,SUCCESS,SUCCESS
1618,3,830,Taxable,Garden,1,417.45,SUCCESS,SUCCESS
1619,1,265,Taxable,Office,8,2171.2,SUCCESS,SUCCESS
1619,1,714,Discounted,Office,16,650.325,SUCCESS,SUCCESS
1619,1,912,Taxable,Sports,24,1729.6,SUCCESS,SUCCESS
1620,5,506,Discounted,Office,2,362.963,SUCCESS,SUCCESS
1620,5,691,Taxable,Sports,20,174.8,SUCCESS,SUCCESS
1620,5,898,Taxable,Sports,30,258.75,SUCCESS,SUCCESS
1621,4,178,Taxable,Sports,5,1355.85,SUCCESS,SUCCESS
1621,4,856,Standard,Perishables,5,663,SUCCESS,SUCCESS
1622,2,475,Discounted,Automotive,6,1833.12,SUCCESS,SUCCESS
1623,3,104,Discounted,Sports,3,434.7,SUCCESS,SUCCESS
1623,3,280,Taxable,Office,5,1669.8,SUCCESS,SUCCESS
1624,5,180,Standard,Perishables,12,1302,SUCCESS,SUCCESS
1625,1,107,Taxable,Toys,4,394.45,SUCCESS,SUCCESS
1625,1,604,Discounted,Toys,20,1466.39,SUCCESS,SUCCESS
1625,1,613,Standard,Perishables,11,1927,SUCCESS,SUCCESS
1625,1,852,Taxable,Clothing,9,415.15,SUCCESS,SUCCESS
1626,4,448,Discounted,Office,15,2065.92,SUCCESS,PARTIAL
1626,4,653,Taxable,Automotive,17,616.4,SUCCESS,PARTIAL
1626,4,694,Discounted,Electronics,5,883.246,SUCCESS,PARTIAL
1626,4,810,Discounted,Sports,29,1105.55,FAILED,PARTIAL
1627,2,494,Standard,Perishables,10,1005,SUCCESS,SUCCESS
1627,2,816,Discounted,Books,25,1455.03,SUCCESS,SUCCESS
1628,3,383,Taxable,Beauty,16,864.8,SUCCESS,SUCCESS
1628,3,646,Discounted,Garden,10,2065.79,SUCCESS,SUCCESS
1629,5,601,Discounted,Sports,21,568.008,SUCCESS,SUCCESS
1629,5,667,Taxable,Sports,8,1263.85,SUCCESS,SUCCESS
1630,4,516,Taxable,Office,22,1520.3,SUCCESS,SUCCESS
1630,4,953,Taxable,Garden,29,1508.8,SUCCESS,SUCCESS
1631,1,328,Discounted,Office,25,1831.95,SUCCESS,SUCCESS
1631,1,355,Taxable,Garden,4,2034.35,SUCCESS,SUCCESS
1631,1,696,Taxable,Sports,11,1496.15,SUCCESS,SUCCESS
1631,1,862,Taxable,Books,30,1561.7,SUCCESS,SUCCESS
1632,2,128,Taxable,Garden,14,1949.25,SUCCESS,SUCCESS
1633,5,615,Taxable,Home,28,934.95,FAILED,PARTIAL
1633,5,947,Discounted,Office,23,1519.76,SUCCESS,PARTIAL
1634,3,495,Discounted,Sports,10,687.516,SUCCESS,SUCCESS
1635,4,242,Taxable,Beauty,29,224.25,SUCCESS,SUCCESS
1635,4,341,Taxable,Office,4,2110.25,SUCCESS,SUCCESS
1636,1,148,Discounted,Office,14,1082.95,SUCCESS,SUCCESS
1636,1,540,Discounted,Garden,13,292.33,SUCCESS,SUCCESS
1636,1,645,Discounted,Books,2,1196.46,SUCCESS,SUCCESS
1636,1,942,Discounted,Garden,30,1005.69,SUCCESS,SUCCESS
1637,2,437,Discounted,Automotive,21,251.781,FAILED,FAILED
1638,3,152,Taxable,Books,19,1401.85,SUCCESS,SUCCESS
1638,3,586,Standard,Perishables,20,1895,SUCCESS,SUCCESS
1638,3,664,Taxable,Home,14,1224.75,SUCCESS,SUCCESS
1639,1,280,Taxable,Office,28,1669.8,SUCCESS,SUCCESS
1639,1,307,Taxable,Office,14,755.55,SUCCESS,SUCCESS
1640,5,276,Discounted,Sports,14,1665.71,SUCCESS,SUCCESS
1640,5,451,Discounted,Office,5,1020.33,SUCCESS,SUCCESS
1640,5,823,Taxable,Office,8,2135.55,SUCCESS,SUCCESS
1641,4,120,Discounted,Beauty,6,637.79,SUCCESS,SUCCESS
1641,4,811,Discounted,Books,2,984.998,SUCCESS,SUCCESS
1642,2,857,Discounted,Office,1,1141.2,SUCCESS,SUCCESS
1643,4,457,Discounted,Sports,2,202.354,SUCCESS,SUCCESS
1644,3,329,Taxable,Beauty,18,501.4,SUCCESS,SUCCESS
1644,3,887,Taxable,Beauty,21,1541,SUCCESS,SUCCESS
1645,5,674,Discounted,Books,4,167.992,SUCCESS,SUCCESS
1645,5,841,Discounted,Books,13,1002.09,SUCCESS,SUCCESS
1646,3,512,Discounted,Beauty,22,1116.67,SUCCESS,SUCCESS
1646,3,888,Taxable,Office,5,2221.8,SUCCESS,SUCCESS
1646,3,892,Taxable,Clothing,6,1649.1,SUCCESS,SUCCESS
1646,3,985,Discounted,Sports,28,874.862,SUCCESS,SUCCESS
1647,1,689,Taxable,Clothing,25,1334,SUCCESS,SUCCESS
1647,1,750,Taxable,Office,16,2018.25,SUCCESS,SUCCESS
1648,2,245,Taxable,Sports,24,2065.4,SUCCESS,SUCCESS
1648,2,305,Taxable,Office,23,1015.45,SUCCESS,SUCCESS
1648,2,638,Taxable,Toys,20,2066.55,SUCCESS,SUCCESS
1648,2,744,Discounted,Sports,24,1101.38,SUCCESS,SUCCESS
1649,4,176,Discounted,Automotive,5,530.783,SUCCESS,SUCCESS
1649,4,978,Discounted,Books,8,853.323,SUCCESS,SUCCESS
1650,3,502,Taxable,Clothing,3,1590.45,SUCCESS,SUCCESS
1650,3,927,Discounted,Automotive,3,712.908,SUCCESS,SUCCESS
1651,2,587,Taxable,Clothing,8,1184.5,SUCCESS,SUCCESS
1651,2,873,Taxable,Toys,10,579.6,SUCCESS,SUCCESS
1652,1,719,Discounted,Beauty,25,955.305,SUCCESS,SUCCESS
1652,1,847,Discounted,Clothing,26,458.528,SUCCESS,SUCCESS
1653,5,469,Discounted,Office,3,464.841,SUCCESS,SUCCESS
1653,5,878,Discounted,Clothing,22,2081.21,SUCCESS,SUCCESS
1653,5,948,Taxable,Garden,6,1118.95,SUCCESS,SUCCESS
1654,4,388,Taxable,Books,17,151.8,SUCCESS,SUCCESS
1654,4,825,Discounted,Sports,11,446.085,SUCCESS,SUCCESS
1655,4,416,Discounted,Office,8,2132.28,SUCCESS,SUCCESS
1656,2,149,Discounted,Electronics,1,148.603,SUCCESS,SUCCESS
1657,3,198,Taxable,Office,7,399.05,SUCCESS,SUCCESS
1657,3,775,Taxable,Sports,20,1603.1,SUCCESS,SUCCESS
1657,3,957,Taxable,Clothing,1,1415.65,SUCCESS,SUCCESS
1658,4,935,Taxable,Home,7,1328.25,SUCCESS,SUCCESS
1659,5,176,Discounted,Automotive,25,530.783,SUCCESS,SUCCESS
1659,5,266,Taxable,Garden,10,1208.65,SUCCESS,SUCCESS
1659,5,584,Taxable,Clothing,18,2164.3,SUCCESS,SUCCESS
1659,5,866,Discounted,Electronics,1,826.988,SUCCESS,SUCCESS
1660,2,503,Discounted,Electronics,18,1807.71,SUCCESS,SUCCESS
1661,1,606,Taxable,Office,14,1053.4,SUCCESS,SUCCESS
1661,1,770,Taxable,Office,20,917.7,SUCCESS,SUCCESS
1662,5,311,Discounted,Electronics,17,528.816,SUCCESS,SUCCESS
1662,5,532,Discounted,Sports,13,1004.04,SUCCESS,SUCCESS
1662,5,788,Discounted,Sports,15,1174.04,SUCCESS,SUCCESS
1662,5,820,Taxable,Toys,13,171.35,SUCCESS,SUCCESS
1663,2,648,Taxable,Beauty,27,2117.15,FAILED,FAILED
1665,3,104,Discounted,Sports,9,434.7,SUCCESS,SUCCESS
1665,3,320,Discounted,Electronics,7,600.691,SUCCESS,SUCCESS
1665,3,501,Discounted,Beauty,14,1968.86,SUCCESS,SUCCESS
1665,3,696,Taxable,Sports,29,1496.15,SUCCESS,SUCCESS
1664,4,514,Taxable,Toys,6,231.15,SUCCESS,SUCCESS
1664,4,574,Taxable,Books,18,564.65,SUCCESS,SUCCESS
1664,4,904,Taxable,Electronics,16,1003.95,SUCCESS,SUCCESS
1666,2,107,Taxable,Toys,30,394.45,SUCCESS,SUCCESS
1666,2,248,Taxable,Office,8,621,SUCCESS,SUCCESS
1667,1,164,Discounted,Office,1,1744.6,SUCCESS,SUCCESS
1667,1,539,Taxable,Toys,17,1734.2,SUCCESS,SUCCESS
1667,1,721,Taxable,Office,24,205.85,SUCCESS,SUCCESS
1668,5,214,Discounted,Automotive,27,1380.48,FAILED,PARTIAL
1668,5,630,Taxable,Beauty,3,411.7,SUCCESS,PARTIAL
1668,5,746,Taxable,Office,22,1285.7,SUCCESS,PARTIAL
1669,4,527,Discounted,Books,17,1464.11,SUCCESS,SUCCESS
1669,4,639,Taxable,Electronics,4,143.75,SUCCESS,SUCCESS
1670,3,692,Discounted,Toys,2,919.632,SUCCESS,SUCCESS
1671,2,175,Discounted,Beauty,14,1669.25,SUCCESS,SUCCESS
1671,2,602,Discounted,Toys,11,1683.28,SUCCESS,SUCCESS
1671,2,826,Discounted,Garden,2,1026.57,SUCCESS,SUCCESS
1672,1,602,Discounted,Toys,6,1683.28,SUCCESS,SUCCESS
1672,1,662,Discounted,Toys,13,433.78,SUCCESS,SUCCESS
1672,1,702,Discounted,Garden,7,117.99,SUCCESS,SUCCESS
1672,1,883,Taxable,Office,25,1651.4,SUCCESS,SUCCESS
1673,5,130,Discounted,Books,21,1518.07,FAILED,PARTIAL
1673,5,134,Taxable,Beauty,13,1002.8,FAILED,PARTIAL
1673,5,759,Discounted,Beauty,14,1114.12,SUCCESS,PARTIAL
1673,5,873,Taxable,Toys,30,579.6,SUCCESS,PARTIAL
1674,4,356,Taxable,Office,30,235.75,SUCCESS,SUCCESS
1674,4,655,Discounted,Home,8,1586.42,SUCCESS,SUCCESS
1674,4,953,Taxable,Garden,12,1508.8,SUCCESS,SUCCESS
1675,2,174,Discounted,Books,15,609.224,SUCCESS,SUCCESS
1675,2,203,Taxable,Electronics,9,166.75,SUCCESS,SUCCESS
1675,2,275,Taxable,Beauty,9,671.6,SUCCESS,SUCCESS
1675,2,673,Discounted,Electronics,7,1817.46,SUCCESS,SUCCESS
1676,1,333,Standard,Perishables,10,1907,SUCCESS,SUCCESS
1676,1,611,Discounted,Clothing,6,393.576,SUCCESS,SUCCESS
1677,3,560,Discounted,Office,23,1778.08,SUCCESS,SUCCESS
1677,3,743,Discounted,Automotive,25,1678.56,SUCCESS,SUCCESS
1677,3,904,Taxable,Electronics,20,1003.95,SUCCESS,SUCCESS
1678,5,195,Taxable,Toys,2,1615.75,SUCCESS,SUCCESS
1679,1,236,Taxable,Toys,3,807.3,SUCCESS,SUCCESS
1679,1,416,Discounted,Office,9,2132.28,SUCCESS,SUCCESS
1679,1,517,Discounted,Toys,4,748.5,SUCCESS,SUCCESS
1679,1,913,Discounted,Automotive,6,847.872,SUCCESS,SUCCESS
1680,4,425,Taxable,Clothing,23,1021.2,SUCCESS,SUCCESS
1680,4,718,Discounted,Garden,17,1523.38,SUCCESS,SUCCESS
1681,3,248,Taxable,Office,19,621,SUCCESS,SUCCESS
1682,2,148,Discounted,Office,1,1082.95,SUCCESS,PARTIAL
1682,2,529,Discounted,Toys,19,815.223,SUCCESS,PARTIAL
1682,2,985,Discounted,Sports,20,874.862,FAILED,PARTIAL
1683,5,257,Discounted,Sports,29,2078.35,SUCCESS,SUCCESS
1683,5,463,Discounted,Beauty,13,1635.55,SUCCESS,SUCCESS
1683,5,959,Taxable,Office,8,1161.5,SUCCESS,SUCCESS
1684,1,624,Taxable,Toys,14,2128.65,SUCCESS,SUCCESS
1685,4,524,Taxable,Beauty,1,353.05,SUCCESS,SUCCESS
1687,5,656,Taxable,Books,1,846.4,SUCCESS,SUCCESS
1686,3,746,Taxable,Office,24,1285.7,SUCCESS,SUCCESS
1687,5,667,Taxable,Sports,2,1263.85,SUCCESS,SUCCESS
1687,5,894,Discounted,Home,3,908.212,SUCCESS,SUCCESS
1688,2,427,Taxable,Office,17,2180.4,SUCCESS,SUCCESS
1688,2,534,Discounted,Automotive,21,1267.63,SUCCESS,SUCCESS
1688,2,887,Taxable,Beauty,30,1541,SUCCESS,SUCCESS
1689,1,715,Taxable,Beauty,21,1769.85,SUCCESS,SUCCESS
1690,4,113,Discounted,Automotive,25,447.258,SUCCESS,SUCCESS
1690,4,205,Taxable,Sports,27,2208,SUCCESS,SUCCESS
1690,4,399,Discounted,Beauty,30,814.959,SUCCESS,SUCCESS
1690,4,684,Discounted,Sports,3,949.509,SUCCESS,SUCCESS
1691,4,666,Discounted,Office,28,1086.98,SUCCESS,SUCCESS
1691,4,722,Discounted,Beauty,25,1282.64,SUCCESS,SUCCESS
1691,4,982,Discounted,Clothing,8,665.16,SUCCESS,SUCCESS
1692,5,208,Discounted,Office,12,598.345,SUCCESS,SUCCESS
1692,5,523,Taxable,Home,11,770.5,SUCCESS,SUCCESS
1692,5,665,Discounted,Automotive,5,1501.16,SUCCESS,SUCCESS
1693,3,194,Taxable,Sports,15,1949.25,FAILED,FAILED
1694,2,455,Discounted,Beauty,2,523.572,SUCCESS,SUCCESS
1694,2,841,Discounted,Books,1,1002.09,SUCCESS,SUCCESS
